fecha,sku,tipo,cantidad
2025-01-04,MP-100,Entrada producción,113
2025-01-04,MP-113,Entrada compra,159
2025-01-04,SP-111,Entrada compra,18
2025-01-04,SP-105,Entrada compra,4
2025-01-05,MP-107,Entrada compra,81
2025-01-05,MP-112,Entrada compra,192
2025-01-05,CP-117,Entrada compra,32
2025-01-06,CP-121,Entrada compra,34
2025-01-06,CP-105,Entrada compra,48
2025-01-06,SA-105,Entrada compra,4
2025-01-06,SP-108,Entrada compra,13
2025-01-07,CP-104,Entrada compra,30
2025-01-07,SP-111,Salida consumo,-15
2025-01-07,SA-111,Entrada compra,6
2025-01-07,MP-113,Salida consumo,-169
2025-01-07,MP-100,Salida consumo,-141
2025-01-07,SP-105,Salida consumo,-5
2025-01-08,PA-102,Entrada producción,4
2025-01-08,MP-107,Salida consumo,-80
2025-01-08,SP-104,Entrada compra,19
2025-01-08,MP-112,Salida consumo,-163
2025-01-08,CP-117,Salida consumo,-35
2025-01-08,CP-119,Entrada compra,62
2025-01-08,CP-110,Entrada compra,29
2025-01-09,SA-105,Salida consumo,-4
2025-01-09,MP-111,Entrada producción,204
2025-01-09,SP-108,Salida consumo,-14
2025-01-09,CP-121,Salida consumo,-43
2025-01-09,CP-105,Salida consumo,-53
2025-01-10,MP-102,Entrada compra,172
2025-01-10,SA-111,Salida consumo,-6
2025-01-10,SA-103,Entrada compra,6
2025-01-10,CP-116,Entrada compra,27
2025-01-10,PA-101,Entrada producción,1
2025-01-10,CP-104,Salida consumo,-32
2025-01-10,MP-109,Entrada producción,181
2025-01-11,CP-113,Entrada compra,41
2025-01-11,SP-109,Entrada compra,29
2025-01-11,SA-107,Entrada compra,9
2025-01-11,PA-102,Salida despliegue,-5
2025-01-11,SA-104,Entrada compra,10
2025-01-11,CP-119,Salida consumo,-51
2025-01-11,CP-110,Salida consumo,-33
2025-01-11,SP-104,Salida consumo,-20
2025-01-12,SA-106,Entrada producción,21
2025-01-12,MP-111,Salida consumo,-172
2025-01-12,CP-106,Entrada compra,48
2025-01-12,MP-103,Entrada compra,89
2025-01-13,PA-101,Salida despliegue,-1
2025-01-13,SA-102,Entrada compra,4
2025-01-13,CP-116,Salida consumo,-31
2025-01-13,MP-102,Salida consumo,-152
2025-01-13,SP-100,Entrada compra,12
2025-01-13,MP-109,Salida consumo,-152
2025-01-13,SA-103,Salida consumo,-7
2025-01-13,MP-106,Entrada compra,43
2025-01-14,PA-103,Entrada producción,3
2025-01-14,MP-104,Entrada compra,159
2025-01-14,SP-109,Salida consumo,-28
2025-01-14,SA-104,Salida consumo,-9
2025-01-14,CP-113,Salida consumo,-37
2025-01-14,CP-102,Entrada compra,27
2025-01-14,SA-107,Salida consumo,-11
2025-01-14,SA-100,Entrada compra,4
2025-01-15,SP-102,Entrada compra,41
2025-01-15,SA-106,Salida consumo,-17
2025-01-15,SA-108,Entrada compra,8
2025-01-15,CP-106,Salida consumo,-43
2025-01-15,SP-110,Entrada compra,28
2025-01-15,MP-105,Entrada compra,121
2025-01-15,MP-103,Salida consumo,-90
2025-01-15,PA-101,Ajuste,-1
2025-01-16,CP-108,Entrada producción,10
2025-01-16,CP-112,Entrada compra,31
2025-01-16,SA-102,Salida consumo,-5
2025-01-16,MP-106,Salida consumo,-53
2025-01-16,SA-110,Entrada compra,14
2025-01-16,SP-100,Salida consumo,-14
2025-01-17,PA-100,Entrada producción,3
2025-01-17,PA-103,Salida despliegue,-3
2025-01-17,CP-109,Entrada compra,30
2025-01-17,MP-104,Salida consumo,-142
2025-01-17,SA-101,Entrada producción,4
2025-01-17,SA-100,Salida consumo,-5
2025-01-17,CP-102,Salida consumo,-25
2025-01-17,MP-101,Entrada compra,69
2025-01-18,SP-102,Salida consumo,-39
2025-01-18,SA-108,Salida consumo,-9
2025-01-18,MP-108,Entrada compra,92
2025-01-18,MP-105,Salida consumo,-125
2025-01-18,SP-110,Salida consumo,-27
2025-01-19,MP-104,Ajuste,-1
2025-01-19,CP-108,Salida consumo,-12
2025-01-19,PA-103,Ajuste,-1
2025-01-19,CP-112,Salida consumo,-28
2025-01-19,SA-110,Salida consumo,-14
2025-01-19,CP-115,Entrada compra,74
2025-01-20,CP-118,Entrada compra,25
2025-01-20,CP-120,Entrada producción,68
2025-01-20,MP-101,Salida consumo,-75
2025-01-20,CP-111,Entrada producción,72
2025-01-20,CP-109,Salida consumo,-28
2025-01-20,CP-101,Entrada compra,19
2025-01-20,SA-101,Salida consumo,-4
2025-01-20,PA-100,Salida despliegue,-3
2025-01-21,SP-106,Entrada compra,10
2025-01-21,CP-114,Entrada producción,46
2025-01-21,CP-107,Entrada compra,28
2025-01-21,MP-108,Salida consumo,-74
2025-01-22,CP-115,Salida consumo,-63
2025-01-22,SA-109,Entrada compra,4
2025-01-23,SP-107,Entrada compra,22
2025-01-23,CP-103,Entrada compra,25
2025-01-23,CP-111,Salida consumo,-61
2025-01-23,CP-120,Salida consumo,-56
2025-01-23,PA-104,Entrada producción,3
2025-01-23,CP-101,Salida consumo,-21
2025-01-23,CP-118,Salida consumo,-26
2025-01-24,SP-101,Entrada producción,7
2025-01-24,CP-107,Salida consumo,-23
2025-01-24,SP-106,Salida consumo,-11
2025-01-24,MP-110,Entrada compra,167
2025-01-24,CP-114,Salida consumo,-50
2025-01-24,CP-100,Entrada compra,37
2025-01-25,SP-103,Entrada compra,29
2025-01-25,SA-109,Salida consumo,-4
2025-01-25,CP-111,Ajuste,-3
2025-01-26,SP-107,Salida consumo,-19
2025-01-26,SP-106,Ajuste,-1
2025-01-26,CP-103,Salida consumo,-22
2025-01-26,PA-104,Salida despliegue,-4
2025-01-27,SP-101,Salida consumo,-9
2025-01-27,CP-100,Salida consumo,-44
2025-01-27,MP-110,Salida consumo,-162
2025-01-28,SP-103,Salida consumo,-25
2025-02-04,MP-106,Entrada compra,59
2025-02-04,PA-103,Entrada producción,1
2025-02-04,MP-101,Entrada compra,87
2025-02-04,SA-107,Entrada compra,10
2025-02-05,SP-107,Entrada compra,19
2025-02-05,CP-104,Entrada compra,64
2025-02-06,CP-119,Entrada compra,52
2025-02-06,SP-103,Entrada compra,33
2025-02-06,MP-105,Entrada compra,135
2025-02-06,CP-110,Entrada compra,36
2025-02-07,MP-101,Salida consumo,-76
2025-02-07,CP-118,Entrada compra,36
2025-02-07,PA-103,Salida despliegue,-1
2025-02-07,SP-104,Entrada compra,38
2025-02-07,MP-106,Salida consumo,-72
2025-02-07,SA-107,Salida consumo,-11
2025-02-07,SP-109,Entrada compra,18
2025-02-08,SP-105,Entrada compra,7
2025-02-08,CP-101,Entrada compra,22
2025-02-08,MP-111,Entrada producción,206
2025-02-08,SA-108,Entrada compra,14
2025-02-08,SP-107,Salida consumo,-22
2025-02-08,CP-104,Salida consumo,-53
2025-02-09,CP-119,Salida consumo,-42
2025-02-09,CP-110,Salida consumo,-39
2025-02-09,PA-103,Ajuste,-1
2025-02-09,SP-103,Salida consumo,-31
2025-02-09,CP-116,Entrada compra,29
2025-02-09,MP-105,Salida consumo,-151
2025-02-10,PA-101,Entrada producción,2
2025-02-10,SP-104,Salida consumo,-31
2025-02-10,SA-110,Entrada compra,15
2025-02-10,SP-109,Salida consumo,-22
2025-02-10,CP-118,Salida consumo,-31
2025-02-10,MP-104,Entrada compra,143
2025-02-10,SP-102,Entrada compra,20
2025-02-11,SA-108,Salida consumo,-13
2025-02-11,CP-101,Salida consumo,-23
2025-02-11,MP-111,Salida consumo,-176
2025-02-11,CP-102,Entrada compra,27
2025-02-11,SP-105,Salida consumo,-9
2025-02-12,CP-116,Salida consumo,-33
2025-02-12,SA-100,Entrada compra,7
2025-02-12,SA-111,Entrada compra,8
2025-02-12,SA-109,Entrada compra,6
2025-02-13,SP-102,Salida consumo,-21
2025-02-13,SA-110,Salida consumo,-15
2025-02-13,PA-101,Salida despliegue,-2
2025-02-13,MP-104,Salida consumo,-156
2025-02-14,CP-102,Salida consumo,-33
2025-02-14,PA-102,Entrada producción,4
2025-02-14,CP-117,Entrada compra,62
2025-02-14,CP-105,Entrada compra,80
2025-02-14,CP-120,Entrada producción,46
2025-02-14,MP-113,Entrada compra,148
2025-02-15,SA-111,Salida consumo,-7
2025-02-15,SA-100,Salida consumo,-9
2025-02-15,SA-104,Entrada compra,15
2025-02-15,CP-121,Entrada compra,48
2025-02-15,SA-106,Entrada producción,11
2025-02-15,SA-109,Salida consumo,-7
2025-02-15,SP-102,Ajuste,-1
2025-02-16,CP-106,Entrada compra,51
2025-02-17,MP-109,Entrada producción,184
2025-02-17,MP-112,Entrada compra,151
2025-02-17,MP-103,Entrada compra,89
2025-02-17,CP-120,Salida consumo,-48
2025-02-17,PA-102,Salida despliegue,-4
2025-02-17,MP-113,Salida consumo,-180
2025-02-17,CP-117,Salida consumo,-50
2025-02-17,CP-105,Salida consumo,-67
2025-02-17,PA-100,Entrada producción,2
2025-02-18,CP-113,Entrada compra,35
2025-02-18,SA-106,Salida consumo,-13
2025-02-18,CP-121,Salida consumo,-50
2025-02-18,SA-101,Entrada producción,9
2025-02-18,SA-104,Salida consumo,-16
2025-02-19,CP-103,Entrada compra,24
2025-02-19,SA-103,Entrada compra,12
2025-02-19,CP-106,Salida consumo,-59
2025-02-19,MP-110,Entrada compra,133
2025-02-19,CP-112,Entrada compra,26
2025-02-19,SP-101,Entrada producción,4
2025-02-20,PA-100,Salida despliegue,-2
2025-02-20,MP-112,Salida consumo,-174
2025-02-20,MP-103,Salida consumo,-97
2025-02-20,SP-108,Entrada compra,12
2025-02-20,CP-108,Entrada producción,27
2025-02-20,MP-109,Salida consumo,-162
2025-02-21,SP-110,Entrada compra,19
2025-02-21,MP-100,Entrada producción,186
2025-02-21,SA-101,Salida consumo,-8
2025-02-21,CP-113,Salida consumo,-43
2025-02-21,CP-111,Entrada producción,56
2025-02-22,SP-101,Salida consumo,-6
2025-02-22,CP-103,Salida consumo,-20
2025-02-22,CP-107,Entrada compra,42
2025-02-22,MP-110,Salida consumo,-152
2025-02-22,CP-112,Salida consumo,-28
2025-02-22,SA-103,Salida consumo,-12
2025-02-23,MP-108,Entrada compra,60
2025-02-23,CP-109,Entrada compra,36
2025-02-23,SA-105,Entrada compra,3
2025-02-23,MP-107,Entrada compra,112
2025-02-23,CP-115,Entrada compra,59
2025-02-23,SP-108,Salida consumo,-15
2025-02-23,CP-108,Salida consumo,-22
2025-02-24,SP-110,Salida consumo,-17
2025-02-24,CP-111,Salida consumo,-62
2025-02-24,MP-100,Salida consumo,-155
2025-02-24,SP-101,Ajuste,-1
2025-02-25,CP-100,Entrada compra,33
2025-02-25,SP-111,Entrada compra,10
2025-02-25,SP-100,Entrada compra,5
2025-02-25,MP-102,Entrada compra,207
2025-02-25,CP-107,Salida consumo,-38
2025-02-25,CP-114,Entrada producción,50
2025-02-25,PA-104,Entrada producción,2
2025-02-25,SP-106,Entrada compra,26
2025-02-25,SA-102,Entrada compra,8
2025-02-26,MP-108,Salida consumo,-66
2025-02-26,CP-109,Salida consumo,-35
2025-02-26,MP-107,Salida consumo,-98
2025-02-26,SA-105,Salida consumo,-4
2025-02-26,CP-115,Salida consumo,-63
2025-02-28,SP-111,Salida consumo,-9
2025-02-28,SP-106,Salida consumo,-21
2025-02-28,CP-100,Salida consumo,-41
2025-02-28,PA-104,Salida despliegue,-2
2025-02-28,SP-100,Salida consumo,-6
2025-02-28,MP-102,Salida consumo,-169
2025-02-28,SA-102,Salida consumo,-8
2025-02-28,CP-114,Salida consumo,-51
2025-03-04,PA-102,Entrada producción,2
2025-03-04,SP-108,Entrada compra,23
2025-03-05,SP-102,Entrada compra,18
2025-03-05,CP-108,Entrada producción,17
2025-03-06,CP-121,Entrada compra,40
2025-03-06,CP-112,Entrada compra,31
2025-03-06,SA-111,Entrada compra,9
2025-03-07,MP-102,Entrada compra,194
2025-03-07,SP-108,Salida consumo,-25
2025-03-07,PA-102,Salida despliegue,-3
2025-03-07,CP-114,Entrada producción,67
2025-03-07,CP-102,Entrada compra,49
2025-03-08,SP-102,Salida consumo,-17
2025-03-08,CP-108,Salida consumo,-18
2025-03-08,MP-101,Entrada compra,83
2025-03-08,CP-101,Entrada compra,27
2025-03-08,SA-102,Entrada compra,11
2025-03-09,SP-103,Entrada compra,23
2025-03-09,SA-111,Salida consumo,-9
2025-03-09,SA-110,Entrada compra,6
2025-03-09,CP-112,Salida consumo,-34
2025-03-09,MP-100,Entrada producción,225
2025-03-09,CP-121,Salida consumo,-50
2025-03-10,MP-102,Salida consumo,-185
2025-03-10,CP-114,Salida consumo,-56
2025-03-10,SP-100,Entrada compra,18
2025-03-10,MP-109,Entrada producción,159
2025-03-10,SP-111,Entrada compra,20
2025-03-10,MP-111,Entrada producción,214
2025-03-10,CP-102,Salida consumo,-44
2025-03-10,CP-107,Entrada compra,23
2025-03-11,CP-101,Salida consumo,-29
2025-03-11,MP-101,Salida consumo,-71
2025-03-11,SA-102,Salida consumo,-10
2025-03-11,PA-104,Entrada producción,4
2025-03-11,CP-100,Entrada compra,78
2025-03-11,CP-117,Entrada compra,43
2025-03-12,CP-103,Entrada compra,30
2025-03-12,CP-110,Entrada compra,43
2025-03-12,SP-103,Salida consumo,-28
2025-03-12,SA-110,Salida consumo,-7
2025-03-12,MP-100,Salida consumo,-183
2025-03-13,MP-109,Salida consumo,-155
2025-03-13,MP-107,Entrada compra,104
2025-03-13,MP-111,Salida consumo,-233
2025-03-13,CP-115,Entrada compra,54
2025-03-13,SP-100,Salida consumo,-16
2025-03-13,SP-111,Salida consumo,-21
2025-03-13,CP-116,Entrada compra,22
2025-03-13,MP-104,Entrada compra,176
2025-03-13,CP-118,Entrada compra,17
2025-03-13,CP-107,Salida consumo,-28
2025-03-14,CP-120,Entrada producción,79
2025-03-14,CP-100,Salida consumo,-66
2025-03-14,CP-111,Entrada producción,57
2025-03-14,CP-117,Salida consumo,-38
2025-03-14,SA-109,Entrada compra,6
2025-03-14,PA-104,Salida despliegue,-4
2025-03-15,SP-107,Entrada compra,13
2025-03-15,SP-105,Entrada compra,10
2025-03-15,SP-110,Entrada compra,26
2025-03-15,CP-103,Salida consumo,-27
2025-03-15,MP-112,Entrada compra,203
2025-03-15,CP-110,Salida consumo,-36
2025-03-16,SP-101,Entrada producción,16
2025-03-16,CP-109,Entrada compra,42
2025-03-16,CP-115,Salida consumo,-59
2025-03-16,CP-116,Salida consumo,-21
2025-03-16,SA-100,Entrada compra,4
2025-03-16,SA-104,Entrada compra,11
2025-03-16,CP-118,Salida consumo,-22
2025-03-16,MP-104,Salida consumo,-181
2025-03-16,MP-103,Entrada compra,150
2025-03-16,MP-113,Entrada compra,154
2025-03-16,MP-107,Salida consumo,-109
2025-03-17,CP-120,Salida consumo,-76
2025-03-17,SA-107,Entrada compra,17
2025-03-17,SA-109,Salida consumo,-8
2025-03-17,CP-111,Salida consumo,-51
2025-03-17,SP-109,Entrada compra,29
2025-03-17,MP-108,Entrada compra,99
2025-03-17,CP-113,Entrada compra,40
2025-03-18,SP-110,Salida consumo,-33
2025-03-18,MP-112,Salida consumo,-172
2025-03-18,SP-107,Salida consumo,-16
2025-03-18,CP-106,Entrada compra,41
2025-03-18,SP-105,Salida consumo,-9
2025-03-19,SP-101,Salida consumo,-15
2025-03-19,SP-104,Entrada compra,32
2025-03-19,CP-109,Salida consumo,-34
2025-03-19,MP-113,Salida consumo,-184
2025-03-19,SA-103,Entrada compra,21
2025-03-19,SA-104,Salida consumo,-13
2025-03-19,SA-100,Salida consumo,-5
2025-03-19,MP-103,Salida consumo,-128
2025-03-20,CP-113,Salida consumo,-41
2025-03-20,PA-101,Entrada producción,3
2025-03-20,MP-108,Salida consumo,-95
2025-03-20,SA-108,Entrada compra,11
2025-03-20,SP-109,Salida consumo,-25
2025-03-20,SP-105,Ajuste,-1
2025-03-20,SA-107,Salida consumo,-18
2025-03-21,MP-110,Entrada compra,149
2025-03-21,PA-100,Entrada producción,3
2025-03-21,CP-106,Salida consumo,-48
2025-03-21,SA-106,Entrada producción,16
2025-03-22,SA-103,Salida consumo,-18
2025-03-22,SP-104,Salida consumo,-29
2025-03-22,MP-106,Entrada compra,73
2025-03-23,SA-105,Entrada compra,6
2025-03-23,PA-101,Salida despliegue,-4
2025-03-23,CP-104,Entrada compra,52
2025-03-23,CP-105,Entrada compra,102
2025-03-23,SA-108,Salida consumo,-11
2025-03-24,SA-106,Salida consumo,-15
2025-03-24,CP-119,Entrada compra,50
2025-03-24,MP-110,Salida consumo,-164
2025-03-24,PA-100,Salida despliegue,-3
2025-03-24,SA-101,Entrada producción,10
2025-03-25,SP-106,Entrada compra,15
2025-03-25,MP-106,Salida consumo,-70
2025-03-25,MP-105,Entrada compra,194
2025-03-26,CP-105,Salida consumo,-84
2025-03-26,CP-104,Salida consumo,-48
2025-03-26,SA-105,Salida consumo,-7
2025-03-27,SA-101,Salida consumo,-10
2025-03-27,CP-119,Salida consumo,-59
2025-03-28,MP-105,Salida consumo,-166
2025-03-28,SP-106,Salida consumo,-17
2025-04-04,CP-113,Entrada compra,49
2025-04-04,SA-102,Entrada compra,13
2025-04-06,CP-112,Entrada compra,35
2025-04-06,SA-111,Entrada compra,14
2025-04-06,SP-109,Entrada compra,12
2025-04-06,CP-100,Entrada compra,62
2025-04-07,PA-104,Entrada producción,1
2025-04-07,CP-118,Entrada compra,28
2025-04-07,MP-103,Entrada compra,153
2025-04-07,MP-100,Entrada producción,190
2025-04-07,CP-113,Salida consumo,-53
2025-04-07,SA-102,Salida consumo,-11
2025-04-08,PA-103,Entrada producción,1
2025-04-09,CP-101,Entrada compra,36
2025-04-09,CP-112,Salida consumo,-36
2025-04-09,CP-100,Salida consumo,-62
2025-04-09,SP-109,Salida consumo,-14
2025-04-09,CP-107,Entrada compra,42
2025-04-09,SA-111,Salida consumo,-16
2025-04-10,SP-110,Entrada compra,27
2025-04-10,MP-108,Entrada compra,90
2025-04-10,CP-118,Salida consumo,-31
2025-04-10,MP-106,Entrada compra,91
2025-04-10,MP-100,Salida consumo,-213
2025-04-10,CP-102,Entrada compra,43
2025-04-10,PA-104,Salida despliegue,-1
2025-04-10,SA-103,Entrada compra,12
2025-04-10,MP-103,Salida consumo,-138
2025-04-10,CP-109,Entrada compra,36
2025-04-11,SA-108,Entrada compra,16
2025-04-11,PA-103,Salida despliegue,-1
2025-04-11,CP-104,Entrada compra,49
2025-04-11,SA-105,Entrada compra,8
2025-04-12,SP-111,Entrada compra,19
2025-04-12,CP-101,Salida consumo,-34
2025-04-12,MP-107,Entrada compra,118
2025-04-12,CP-107,Salida consumo,-49
2025-04-12,CP-106,Entrada compra,64
2025-04-13,SA-103,Salida consumo,-13
2025-04-13,SP-110,Salida consumo,-31
2025-04-13,MP-113,Entrada compra,190
2025-04-13,MP-106,Salida consumo,-74
2025-04-13,SA-106,Entrada producción,11
2025-04-13,CP-109,Salida consumo,-40
2025-04-13,CP-120,Entrada producción,90
2025-04-13,CP-102,Salida consumo,-52
2025-04-13,CP-119,Entrada compra,50
2025-04-13,SP-106,Entrada compra,13
2025-04-13,MP-108,Salida consumo,-74
2025-04-14,CP-108,Entrada producción,43
2025-04-14,CP-104,Salida consumo,-51
2025-04-14,SA-100,Entrada compra,12
2025-04-14,MP-112,Entrada compra,202
2025-04-14,SA-108,Salida consumo,-13
2025-04-14,CP-107,Ajuste,-2
2025-04-14,SA-105,Salida consumo,-9
2025-04-15,SP-105,Entrada compra,8
2025-04-15,MP-107,Salida consumo,-102
2025-04-15,SA-109,Entrada compra,5
2025-04-15,PA-101,Entrada producción,4
2025-04-15,CP-106,Salida consumo,-52
2025-04-15,SP-111,Salida consumo,-17
2025-04-15,SP-102,Entrada compra,27
2025-04-16,MP-111,Entrada producción,242
2025-04-16,MP-113,Salida consumo,-208
2025-04-16,CP-105,Entrada compra,66
2025-04-16,SA-106,Salida consumo,-12
2025-04-16,CP-120,Salida consumo,-74
2025-04-16,SP-106,Salida consumo,-14
2025-04-16,CP-119,Salida consumo,-60
2025-04-16,SP-108,Entrada compra,17
2025-04-17,CP-111,Entrada producción,56
2025-04-17,CP-115,Entrada compra,60
2025-04-17,CP-108,Salida consumo,-35
2025-04-17,MP-112,Salida consumo,-230
2025-04-17,SA-100,Salida consumo,-15
2025-04-18,SA-101,Entrada producción,12
2025-04-18,SA-107,Entrada compra,9
2025-04-18,CP-117,Entrada compra,47
2025-04-18,SA-110,Entrada compra,15
2025-04-18,PA-101,Salida despliegue,-4
2025-04-18,SA-109,Salida consumo,-6
2025-04-18,SP-102,Salida consumo,-30
2025-04-18,SP-105,Salida consumo,-10
2025-04-18,MP-104,Entrada compra,193
2025-04-18,SP-104,Entrada compra,30
2025-04-18,SP-107,Entrada compra,17
2025-04-19,MP-111,Salida consumo,-236
2025-04-19,SP-108,Salida consumo,-18
2025-04-19,MP-102,Entrada compra,229
2025-04-19,CP-121,Entrada compra,55
2025-04-19,CP-105,Salida consumo,-72
2025-04-19,SA-104,Entrada compra,12
2025-04-20,CP-111,Salida consumo,-64
2025-04-20,PA-100,Entrada producción,2
2025-04-20,CP-115,Salida consumo,-52
2025-04-21,SA-110,Salida consumo,-14
2025-04-21,SA-107,Salida consumo,-11
2025-04-21,MP-109,Entrada producción,210
2025-04-21,SP-104,Salida consumo,-37
2025-04-21,SP-103,Entrada compra,38
2025-04-21,MP-104,Salida consumo,-184
2025-04-21,CP-117,Salida consumo,-44
2025-04-21,SP-107,Salida consumo,-20
2025-04-21,SA-101,Salida consumo,-13
2025-04-22,MP-110,Entrada compra,165
2025-04-22,CP-121,Salida consumo,-53
2025-04-22,SA-104,Salida consumo,-12
2025-04-22,MP-102,Salida consumo,-210
2025-04-23,CP-110,Entrada compra,33
2025-04-23,SP-100,Entrada compra,21
2025-04-23,MP-101,Entrada compra,81
2025-04-23,PA-100,Salida despliegue,-2
2025-04-24,MP-109,Salida consumo,-174
2025-04-24,SA-104,Ajuste,-2
2025-04-24,CP-114,Entrada producción,72
2025-04-24,SP-103,Salida consumo,-36
2025-04-24,MP-105,Entrada compra,218
2025-04-24,CP-116,Entrada compra,31
2025-04-25,MP-110,Salida consumo,-198
2025-04-25,CP-103,Entrada compra,22
2025-04-25,SP-101,Entrada producción,10
2025-04-26,MP-101,Salida consumo,-90
2025-04-26,SP-100,Salida consumo,-23
2025-04-26,CP-110,Salida consumo,-40
2025-04-27,CP-114,Salida consumo,-62
2025-04-27,MP-105,Salida consumo,-178
2025-04-27,CP-116,Salida consumo,-33
2025-04-28,SP-101,Salida consumo,-11
2025-04-28,CP-103,Salida consumo,-22
2025-05-04,CP-111,Entrada producción,83
2025-05-04,CP-104,Entrada compra,50
2025-05-04,CP-102,Entrada compra,58
2025-05-04,CP-106,Entrada compra,60
2025-05-04,SA-100,Entrada compra,4
2025-05-05,SA-108,Entrada compra,9
2025-05-05,SP-103,Entrada compra,40
2025-05-05,SA-104,Entrada compra,12
2025-05-06,MP-112,Entrada compra,269
2025-05-06,PA-102,Entrada producción,5
2025-05-06,MP-103,Entrada compra,169
2025-05-07,SP-105,Entrada compra,13
2025-05-07,SA-100,Salida consumo,-5
2025-05-07,CP-111,Salida consumo,-86
2025-05-07,CP-104,Salida consumo,-53
2025-05-07,SA-101,Entrada producción,11
2025-05-07,CP-106,Salida consumo,-63
2025-05-07,SA-106,Entrada producción,16
2025-05-07,CP-102,Salida consumo,-56
2025-05-08,CP-100,Entrada compra,80
2025-05-08,SA-108,Salida consumo,-9
2025-05-08,CP-120,Entrada producción,78
2025-05-08,CP-110,Entrada compra,47
2025-05-08,SP-110,Entrada compra,40
2025-05-08,SP-108,Entrada compra,17
2025-05-08,SP-103,Salida consumo,-33
2025-05-08,PA-103,Entrada producción,1
2025-05-08,PA-104,Entrada producción,4
2025-05-08,SA-104,Salida consumo,-13
2025-05-09,MP-112,Salida consumo,-238
2025-05-09,MP-109,Entrada producción,172
2025-05-09,PA-102,Salida despliegue,-6
2025-05-09,PA-100,Entrada producción,7
2025-05-09,MP-103,Salida consumo,-150
2025-05-09,SA-110,Entrada compra,21
2025-05-10,CP-114,Entrada producción,81
2025-05-10,MP-106,Entrada compra,74
2025-05-10,SP-104,Entrada compra,36
2025-05-10,SA-101,Salida consumo,-12
2025-05-10,SA-106,Salida consumo,-17
2025-05-10,SP-105,Salida consumo,-16
2025-05-10,SP-109,Entrada compra,32
2025-05-10,SA-102,Entrada compra,8
2025-05-11,SP-101,Entrada producción,13
2025-05-11,SP-110,Salida consumo,-42
2025-05-11,CP-120,Salida consumo,-74
2025-05-11,PA-103,Salida despliegue,-1
2025-05-11,SP-102,Entrada compra,31
2025-05-11,SP-108,Salida consumo,-18
2025-05-11,CP-110,Salida consumo,-39
2025-05-11,SP-100,Entrada compra,23
2025-05-11,CP-100,Salida consumo,-67
2025-05-11,PA-104,Salida despliegue,-4
2025-05-12,PA-100,Salida despliegue,-6
2025-05-12,MP-109,Salida consumo,-195
2025-05-12,CP-115,Entrada compra,82
2025-05-12,CP-108,Entrada producción,52
2025-05-12,SA-110,Salida consumo,-25
2025-05-13,CP-121,Entrada compra,46
2025-05-13,SP-109,Salida consumo,-26
2025-05-13,SA-102,Salida consumo,-10
2025-05-13,MP-106,Salida consumo,-67
2025-05-13,SP-104,Salida consumo,-35
2025-05-13,MP-100,Entrada producción,218
2025-05-13,MP-113,Entrada compra,220
2025-05-13,CP-114,Salida consumo,-74
2025-05-14,SP-101,Salida consumo,-11
2025-05-14,SP-102,Salida consumo,-38
2025-05-14,CP-119,Entrada compra,84
2025-05-14,SP-100,Salida consumo,-20
2025-05-15,MP-107,Entrada compra,128
2025-05-15,CP-105,Entrada compra,74
2025-05-15,CP-108,Salida consumo,-43
2025-05-15,PA-101,Entrada producción,4
2025-05-15,CP-115,Salida consumo,-85
2025-05-15,SP-107,Entrada compra,25
2025-05-16,CP-121,Salida consumo,-58
2025-05-16,CP-113,Entrada compra,63
2025-05-16,MP-100,Salida consumo,-225
2025-05-16,MP-113,Salida consumo,-238
2025-05-17,CP-118,Entrada compra,28
2025-05-17,MP-105,Entrada compra,166
2025-05-17,CP-119,Salida consumo,-69
2025-05-18,SP-111,Entrada compra,16
2025-05-18,MP-104,Entrada compra,191
2025-05-18,MP-107,Salida consumo,-113
2025-05-18,MP-110,Entrada compra,218
2025-05-18,SP-107,Salida consumo,-26
2025-05-18,CP-105,Salida consumo,-62
2025-05-18,SA-111,Entrada compra,7
2025-05-18,PA-101,Salida despliegue,-5
2025-05-18,MP-111,Entrada producción,254
2025-05-19,CP-113,Salida consumo,-71
2025-05-19,SA-103,Entrada compra,10
2025-05-19,MP-101,Entrada compra,115
2025-05-20,MP-105,Salida consumo,-208
2025-05-20,CP-109,Entrada compra,34
2025-05-20,MP-108,Entrada compra,87
2025-05-20,CP-118,Salida consumo,-34
2025-05-20,CP-112,Entrada compra,38
2025-05-20,CP-103,Entrada compra,18
2025-05-21,SA-111,Salida consumo,-9
2025-05-21,MP-104,Salida consumo,-218
2025-05-21,SP-106,Entrada compra,16
2025-05-21,MP-110,Salida consumo,-197
2025-05-21,CP-116,Entrada compra,27
2025-05-21,SA-109,Entrada compra,6
2025-05-21,SP-111,Salida consumo,-19
2025-05-21,MP-111,Salida consumo,-268
2025-05-22,MP-101,Salida consumo,-111
2025-05-22,SA-103,Salida consumo,-12
2025-05-22,MP-102,Entrada compra,167
2025-05-23,CP-109,Salida consumo,-41
2025-05-23,CP-107,Entrada compra,42
2025-05-23,SA-105,Entrada compra,7
2025-05-23,CP-103,Salida consumo,-17
2025-05-23,CP-112,Salida consumo,-34
2025-05-23,MP-108,Salida consumo,-99
2025-05-24,SA-107,Entrada compra,18
2025-05-24,SA-109,Salida consumo,-7
2025-05-24,SP-106,Salida consumo,-15
2025-05-24,CP-117,Entrada compra,63
2025-05-24,CP-116,Salida consumo,-30
2025-05-25,CP-101,Entrada compra,33
2025-05-25,MP-102,Salida consumo,-195
2025-05-26,CP-107,Salida consumo,-52
2025-05-26,SA-105,Salida consumo,-8
2025-05-27,SA-107,Salida consumo,-16
2025-05-27,CP-117,Salida consumo,-55
2025-05-28,CP-101,Salida consumo,-40
2025-06-04,CP-101,Entrada compra,33
2025-06-04,MP-105,Entrada compra,221
2025-06-05,CP-115,Entrada compra,92
2025-06-05,MP-101,Entrada compra,113
2025-06-05,MP-111,Entrada producción,256
2025-06-05,SA-103,Entrada compra,30
2025-06-05,SA-107,Entrada compra,4
2025-06-05,MP-109,Entrada producción,189
2025-06-06,CP-120,Entrada producción,79
2025-06-06,SP-101,Entrada producción,11
2025-06-06,MP-102,Entrada compra,169
2025-06-06,CP-107,Entrada compra,45
2025-06-06,CP-117,Entrada compra,67
2025-06-07,SA-110,Entrada compra,13
2025-06-07,CP-101,Salida consumo,-32
2025-06-07,MP-108,Entrada compra,92
2025-06-07,MP-105,Salida consumo,-195
2025-06-07,CP-108,Entrada producción,34
2025-06-07,SP-111,Entrada compra,35
2025-06-07,SP-106,Entrada compra,21
2025-06-08,SA-107,Salida consumo,-6
2025-06-08,CP-115,Salida consumo,-80
2025-06-08,SA-103,Salida consumo,-27
2025-06-08,CP-110,Entrada compra,57
2025-06-08,MP-112,Entrada compra,227
2025-06-08,MP-111,Salida consumo,-256
2025-06-08,CP-118,Entrada compra,52
2025-06-08,MP-109,Salida consumo,-187
2025-06-08,MP-101,Salida consumo,-93
2025-06-08,MP-107,Entrada compra,123
2025-06-08,SA-111,Entrada compra,12
2025-06-09,CP-120,Salida consumo,-66
2025-06-09,SP-100,Entrada compra,9
2025-06-09,MP-102,Salida consumo,-210
2025-06-09,SP-101,Salida consumo,-10
2025-06-09,SA-106,Entrada producción,17
2025-06-09,CP-117,Salida consumo,-59
2025-06-09,CP-100,Entrada compra,73
2025-06-09,CP-107,Salida consumo,-46
2025-06-09,PA-102,Entrada producción,2
2025-06-10,SA-110,Salida consumo,-15
2025-06-10,MP-106,Entrada compra,120
2025-06-10,CP-106,Entrada compra,65
2025-06-10,SP-106,Salida consumo,-25
2025-06-10,MP-108,Salida consumo,-79
2025-06-10,CP-108,Salida consumo,-33
2025-06-10,SP-111,Salida consumo,-30
2025-06-10,SA-109,Entrada compra,10
2025-06-11,CP-110,Salida consumo,-52
2025-06-11,SA-101,Entrada producción,7
2025-06-11,MP-112,Salida consumo,-250
2025-06-11,MP-107,Salida consumo,-109
2025-06-11,SP-103,Entrada compra,32
2025-06-11,CP-118,Salida consumo,-42
2025-06-11,SA-111,Salida consumo,-15
2025-06-12,SP-100,Salida consumo,-10
2025-06-12,PA-102,Salida despliegue,-2
2025-06-12,CP-100,Salida consumo,-72
2025-06-12,SA-106,Salida consumo,-18
2025-06-13,CP-104,Entrada compra,68
2025-06-13,CP-106,Salida consumo,-57
2025-06-13,MP-106,Salida consumo,-104
2025-06-13,SA-109,Salida consumo,-10
2025-06-14,CP-109,Entrada compra,49
2025-06-14,SA-101,Salida consumo,-9
2025-06-14,SP-103,Salida consumo,-33
2025-06-14,SP-105,Entrada compra,13
2025-06-14,MP-104,Entrada compra,250
2025-06-15,MP-100,Entrada producción,252
2025-06-15,CP-111,Entrada producción,86
2025-06-16,CP-112,Entrada compra,42
2025-06-16,PA-103,Entrada producción,8
2025-06-16,CP-103,Entrada compra,40
2025-06-16,CP-104,Salida consumo,-55
2025-06-17,CP-105,Entrada compra,71
2025-06-17,PA-104,Entrada producción,4
2025-06-17,SP-105,Salida consumo,-13
2025-06-17,CP-109,Salida consumo,-41
2025-06-17,SP-104,Entrada compra,42
2025-06-17,SP-107,Entrada compra,29
2025-06-17,SA-108,Entrada compra,10
2025-06-17,CP-119,Entrada compra,60
2025-06-17,MP-104,Salida consumo,-205
2025-06-18,MP-100,Salida consumo,-239
2025-06-18,SP-109,Entrada compra,32
2025-06-18,CP-111,Salida consumo,-71
2025-06-18,PA-100,Entrada producción,2
2025-06-18,SP-108,Entrada compra,19
2025-06-19,CP-103,Salida consumo,-35
2025-06-19,SP-110,Entrada compra,29
2025-06-19,PA-103,Salida despliegue,-7
2025-06-19,CP-113,Entrada compra,70
2025-06-19,CP-112,Salida consumo,-42
2025-06-20,CP-119,Salida consumo,-73
2025-06-20,SP-107,Salida consumo,-32
2025-06-20,CP-116,Entrada compra,38
2025-06-20,PA-104,Salida despliegue,-4
2025-06-20,SP-104,Salida consumo,-38
2025-06-20,CP-114,Entrada producción,58
2025-06-20,CP-105,Salida consumo,-80
2025-06-20,SA-108,Salida consumo,-10
2025-06-21,SP-102,Entrada compra,22
2025-06-21,SP-109,Salida consumo,-29
2025-06-21,CP-112,Ajuste,-1
2025-06-21,PA-100,Salida despliegue,-3
2025-06-21,SP-108,Salida consumo,-23
2025-06-22,MP-113,Entrada compra,199
2025-06-22,CP-113,Salida consumo,-77
2025-06-22,SA-102,Entrada compra,13
2025-06-22,SP-110,Salida consumo,-30
2025-06-23,SA-105,Entrada compra,5
2025-06-23,SP-109,Ajuste,-1
2025-06-23,CP-116,Salida consumo,-39
2025-06-23,CP-121,Entrada compra,62
2025-06-23,SA-100,Entrada compra,6
2025-06-23,CP-102,Entrada compra,58
2025-06-23,CP-114,Salida consumo,-73
2025-06-24,PA-101,Entrada producción,5
2025-06-24,SA-104,Entrada compra,25
2025-06-24,SP-102,Salida consumo,-28
2025-06-24,MP-110,Entrada compra,229
2025-06-25,MP-103,Entrada compra,130
2025-06-25,MP-113,Salida consumo,-226
2025-06-25,SA-102,Salida consumo,-12
2025-06-26,SA-105,Salida consumo,-6
2025-06-26,CP-102,Salida consumo,-57
2025-06-26,CP-121,Salida consumo,-60
2025-06-26,SA-100,Salida consumo,-6
2025-06-27,MP-110,Salida consumo,-219
2025-06-27,SA-104,Salida consumo,-21
2025-06-27,PA-101,Salida despliegue,-5
2025-06-28,MP-103,Salida consumo,-158
2025-07-04,CP-121,Entrada compra,77
2025-07-04,CP-118,Entrada compra,36
2025-07-05,MP-104,Entrada compra,236
2025-07-05,CP-113,Entrada compra,64
2025-07-05,SP-110,Entrada compra,43
2025-07-06,CP-101,Entrada compra,39
2025-07-06,CP-103,Entrada compra,27
2025-07-06,SP-100,Entrada compra,13
2025-07-06,SP-109,Entrada compra,21
2025-07-07,CP-104,Entrada compra,51
2025-07-07,SP-107,Entrada compra,39
2025-07-07,SP-103,Entrada compra,27
2025-07-07,CP-121,Salida consumo,-71
2025-07-07,CP-118,Salida consumo,-33
2025-07-07,CP-106,Entrada compra,73
2025-07-07,PA-101,Entrada producción,4
2025-07-08,MP-104,Salida consumo,-214
2025-07-08,CP-113,Salida consumo,-76
2025-07-08,CP-119,Entrada compra,68
2025-07-08,SP-110,Salida consumo,-47
2025-07-09,CP-103,Salida consumo,-32
2025-07-09,CP-114,Entrada producción,91
2025-07-09,SP-101,Entrada producción,9
2025-07-09,SP-109,Salida consumo,-22
2025-07-09,MP-111,Entrada producción,268
2025-07-09,SP-100,Salida consumo,-14
2025-07-09,CP-101,Salida consumo,-33
2025-07-09,CP-121,Ajuste,-2
2025-07-10,CP-104,Salida consumo,-50
2025-07-10,SP-107,Salida consumo,-32
2025-07-10,SP-103,Salida consumo,-31
2025-07-10,CP-110,Entrada compra,61
2025-07-10,SP-105,Entrada compra,11
2025-07-10,CP-106,Salida consumo,-79
2025-07-10,PA-101,Salida despliegue,-5
2025-07-11,MP-110,Entrada compra,193
2025-07-11,CP-115,Entrada compra,73
2025-07-11,SP-106,Entrada compra,29
2025-07-11,CP-119,Salida consumo,-63
2025-07-12,MP-111,Salida consumo,-285
2025-07-12,SA-108,Entrada compra,8
2025-07-12,SA-100,Entrada compra,7
2025-07-12,CP-114,Salida consumo,-78
2025-07-12,SP-101,Salida consumo,-10
2025-07-12,SP-104,Entrada compra,51
2025-07-13,SA-109,Entrada compra,9
2025-07-13,SA-106,Entrada producción,17
2025-07-13,CP-110,Salida consumo,-50
2025-07-13,SA-102,Entrada compra,14
2025-07-13,SP-105,Salida consumo,-12
2025-07-14,SP-106,Salida consumo,-26
2025-07-14,MP-110,Salida consumo,-225
2025-07-14,CP-116,Entrada compra,30
2025-07-14,CP-115,Salida consumo,-59
2025-07-15,SP-104,Salida consumo,-42
2025-07-15,SA-100,Salida consumo,-9
2025-07-15,MP-100,Entrada producción,301
2025-07-15,MP-113,Entrada compra,185
2025-07-15,SA-108,Salida consumo,-9
2025-07-16,MP-106,Entrada compra,92
2025-07-16,SA-102,Salida consumo,-14
2025-07-16,SA-109,Salida consumo,-8
2025-07-16,SA-106,Salida consumo,-18
2025-07-16,PA-100,Entrada producción,6
2025-07-16,SA-107,Entrada compra,13
2025-07-16,MP-105,Entrada compra,157
2025-07-17,PA-102,Entrada producción,9
2025-07-17,CP-116,Salida consumo,-25
2025-07-18,CP-108,Entrada producción,28
2025-07-18,MP-100,Salida consumo,-260
2025-07-18,SA-101,Entrada producción,9
2025-07-18,MP-112,Entrada compra,325
2025-07-18,SA-105,Entrada compra,9
2025-07-18,SA-111,Entrada compra,9
2025-07-18,MP-113,Salida consumo,-210
2025-07-19,SA-107,Salida consumo,-14
2025-07-19,MP-108,Entrada compra,84
2025-07-19,PA-104,Entrada producción,3
2025-07-19,PA-100,Salida despliegue,-7
2025-07-19,MP-106,Salida consumo,-92
2025-07-19,SA-110,Entrada compra,20
2025-07-19,MP-105,Salida consumo,-196
2025-07-19,SP-111,Entrada compra,19
2025-07-20,CP-111,Entrada producción,125
2025-07-20,MP-102,Entrada compra,224
2025-07-20,PA-102,Salida despliegue,-9
2025-07-20,CP-109,Entrada compra,39
2025-07-20,CP-100,Entrada compra,59
2025-07-21,PA-100,Ajuste,-1
2025-07-21,SP-102,Entrada compra,35
2025-07-21,SA-103,Entrada compra,18
2025-07-21,MP-112,Salida consumo,-293
2025-07-21,SA-105,Salida consumo,-8
2025-07-21,CP-108,Salida consumo,-24
2025-07-21,SA-111,Salida consumo,-8
2025-07-21,SA-101,Salida consumo,-11
2025-07-22,SP-111,Salida consumo,-24
2025-07-22,PA-103,Entrada producción,3
2025-07-22,SA-110,Salida consumo,-25
2025-07-22,PA-102,Ajuste,-1
2025-07-22,PA-104,Salida despliegue,-4
2025-07-22,MP-108,Salida consumo,-85
2025-07-23,MP-107,Entrada compra,93
2025-07-23,SA-104,Entrada compra,19
2025-07-23,MP-102,Salida consumo,-189
2025-07-23,SP-108,Entrada compra,14
2025-07-23,MP-103,Entrada compra,186
2025-07-23,CP-100,Salida consumo,-69
2025-07-23,CP-109,Salida consumo,-32
2025-07-23,CP-108,Ajuste,-1
2025-07-23,MP-101,Entrada compra,105
2025-07-23,CP-111,Salida consumo,-103
2025-07-24,CP-107,Entrada compra,70
2025-07-24,SA-103,Salida consumo,-16
2025-07-24,SP-102,Salida consumo,-38
2025-07-24,CP-112,Entrada compra,41
2025-07-25,CP-117,Entrada compra,59
2025-07-25,CP-120,Entrada producción,69
2025-07-25,CP-102,Entrada compra,60
2025-07-25,CP-105,Entrada compra,85
2025-07-25,PA-103,Salida despliegue,-3
2025-07-25,MP-109,Entrada producción,176
2025-07-26,MP-107,Salida consumo,-107
2025-07-26,MP-101,Salida consumo,-102
2025-07-26,SA-104,Salida consumo,-18
2025-07-26,MP-103,Salida consumo,-159
2025-07-26,SP-108,Salida consumo,-18
2025-07-27,CP-112,Salida consumo,-33
2025-07-27,CP-107,Salida consumo,-57
2025-07-28,MP-109,Salida consumo,-190
2025-07-28,CP-105,Salida consumo,-75
2025-07-28,CP-120,Salida consumo,-70
2025-07-28,CP-117,Salida consumo,-49
2025-07-28,CP-102,Salida consumo,-60
2025-07-30,CP-120,Ajuste,-2
2025-08-04,CP-119,Entrada compra,64
2025-08-04,CP-117,Entrada compra,51
2025-08-04,SA-107,Entrada compra,21
2025-08-04,MP-111,Entrada producción,242
2025-08-04,CP-115,Entrada compra,60
2025-08-05,CP-120,Entrada producción,74
2025-08-06,SP-100,Entrada compra,16
2025-08-06,SP-104,Entrada compra,34
2025-08-06,MP-100,Entrada producción,308
2025-08-07,SA-107,Salida consumo,-20
2025-08-07,MP-111,Salida consumo,-292
2025-08-07,CP-111,Entrada producción,69
2025-08-07,CP-117,Salida consumo,-46
2025-08-07,CP-119,Salida consumo,-71
2025-08-07,CP-115,Salida consumo,-70
2025-08-08,CP-120,Salida consumo,-70
2025-08-08,MP-101,Entrada compra,83
2025-08-08,SP-109,Entrada compra,21
2025-08-09,MP-108,Entrada compra,115
2025-08-09,MP-102,Entrada compra,154
2025-08-09,SP-104,Salida consumo,-37
2025-08-09,MP-100,Salida consumo,-249
2025-08-09,SP-100,Salida consumo,-16
2025-08-10,CP-110,Entrada compra,51
2025-08-10,CP-103,Entrada compra,32
2025-08-10,SP-103,Entrada compra,26
2025-08-10,CP-111,Salida consumo,-73
2025-08-11,MP-101,Salida consumo,-98
2025-08-11,SP-101,Entrada producción,11
2025-08-11,CP-109,Entrada compra,31
2025-08-11,SP-109,Salida consumo,-26
2025-08-11,SA-106,Entrada producción,12
2025-08-11,CP-100,Entrada compra,67
2025-08-12,MP-102,Salida consumo,-179
2025-08-12,MP-108,Salida consumo,-98
2025-08-13,CP-110,Salida consumo,-51
2025-08-13,SP-103,Salida consumo,-26
2025-08-13,SA-108,Entrada compra,9
2025-08-13,CP-103,Salida consumo,-39
2025-08-14,PA-101,Entrada producción,5
2025-08-14,CP-112,Entrada compra,17
2025-08-14,CP-100,Salida consumo,-74
2025-08-14,SA-105,Entrada compra,8
2025-08-14,CP-109,Salida consumo,-32
2025-08-14,SA-106,Salida consumo,-13
2025-08-14,SP-110,Entrada compra,47
2025-08-14,SP-101,Salida consumo,-13
2025-08-14,SP-111,Entrada compra,19
2025-08-15,SA-110,Entrada compra,19
2025-08-15,CP-101,Entrada compra,40
2025-08-15,MP-104,Entrada compra,184
2025-08-15,PA-103,Entrada producción,1
2025-08-16,SP-108,Entrada compra,21
2025-08-16,CP-105,Entrada compra,88
2025-08-16,SA-100,Entrada compra,6
2025-08-16,SA-108,Salida consumo,-10
2025-08-17,SP-111,Salida consumo,-24
2025-08-17,SA-105,Salida consumo,-9
2025-08-17,SA-109,Entrada compra,8
2025-08-17,CP-116,Entrada compra,34
2025-08-17,PA-104,Entrada producción,2
2025-08-17,PA-101,Salida despliegue,-5
2025-08-17,SP-110,Salida consumo,-38
2025-08-17,CP-112,Salida consumo,-22
2025-08-18,SA-110,Salida consumo,-16
2025-08-18,SA-101,Entrada producción,13
2025-08-18,MP-113,Entrada compra,236
2025-08-18,PA-103,Salida despliegue,-1
2025-08-18,SP-102,Entrada compra,27
2025-08-18,CP-101,Salida consumo,-34
2025-08-18,MP-104,Salida consumo,-186
2025-08-19,MP-106,Entrada compra,68
2025-08-19,CP-113,Entrada compra,48
2025-08-19,CP-114,Entrada producción,71
2025-08-19,MP-110,Entrada compra,227
2025-08-19,SA-100,Salida consumo,-6
2025-08-19,CP-105,Salida consumo,-78
2025-08-19,CP-108,Entrada producción,19
2025-08-19,SP-108,Salida consumo,-21
2025-08-19,PA-100,Entrada producción,6
2025-08-20,CP-101,Ajuste,-4
2025-08-20,SA-103,Entrada compra,17
2025-08-20,SP-106,Entrada compra,29
2025-08-20,CP-116,Salida consumo,-32
2025-08-20,PA-104,Salida despliegue,-3
2025-08-20,CP-118,Entrada compra,41
2025-08-20,MP-107,Entrada compra,137
2025-08-20,SA-109,Salida consumo,-7
2025-08-21,SA-101,Salida consumo,-15
2025-08-21,SP-102,Salida consumo,-28
2025-08-21,MP-109,Entrada producción,220
2025-08-21,MP-105,Entrada compra,224
2025-08-21,MP-113,Salida consumo,-211
2025-08-21,CP-106,Entrada compra,62
2025-08-22,PA-100,Salida despliegue,-6
2025-08-22,CP-108,Salida consumo,-24
2025-08-22,CP-107,Entrada compra,52
2025-08-22,SA-111,Entrada compra,11
2025-08-22,MP-103,Entrada compra,184
2025-08-22,CP-113,Salida consumo,-47
2025-08-22,CP-114,Salida consumo,-72
2025-08-22,CP-102,Entrada compra,51
2025-08-22,MP-110,Salida consumo,-227
2025-08-22,MP-106,Salida consumo,-81
2025-08-23,MP-107,Salida consumo,-115
2025-08-23,CP-121,Entrada compra,59
2025-08-23,SP-107,Entrada compra,33
2025-08-23,SA-103,Salida consumo,-15
2025-08-23,CP-118,Salida consumo,-38
2025-08-23,SP-106,Salida consumo,-24
2025-08-24,MP-105,Salida consumo,-213
2025-08-24,SA-102,Entrada compra,17
2025-08-24,SP-105,Entrada compra,12
2025-08-24,MP-109,Salida consumo,-184
2025-08-24,CP-106,Salida consumo,-62
2025-08-25,MP-103,Salida consumo,-159
2025-08-25,SA-104,Entrada compra,21
2025-08-25,CP-104,Entrada compra,76
2025-08-25,CP-102,Salida consumo,-56
2025-08-25,CP-107,Salida consumo,-58
2025-08-25,SA-111,Salida consumo,-14
2025-08-25,MP-112,Entrada compra,227
2025-08-26,SP-107,Salida consumo,-32
2025-08-26,CP-121,Salida consumo,-59
2025-08-27,SA-102,Salida consumo,-17
2025-08-27,SP-105,Salida consumo,-14
2025-08-28,MP-112,Salida consumo,-239
2025-08-28,SA-104,Salida consumo,-24
2025-08-28,CP-104,Salida consumo,-69
2025-09-04,PA-103,Entrada producción,2
2025-09-04,CP-104,Entrada compra,53
2025-09-05,SP-102,Entrada compra,35
2025-09-05,MP-111,Entrada producción,262
2025-09-05,SP-111,Entrada compra,22
2025-09-05,MP-106,Entrada compra,87
2025-09-05,SA-106,Entrada producción,15
2025-09-06,SA-107,Entrada compra,10
2025-09-06,CP-116,Entrada compra,35
2025-09-07,CP-105,Entrada compra,108
2025-09-07,MP-104,Entrada compra,212
2025-09-07,CP-104,Salida consumo,-50
2025-09-07,CP-120,Entrada producción,75
2025-09-07,CP-106,Entrada compra,58
2025-09-07,PA-103,Salida despliegue,-2
2025-09-08,SA-104,Entrada compra,11
2025-09-08,SP-102,Salida consumo,-29
2025-09-08,MP-105,Entrada compra,178
2025-09-08,SP-111,Salida consumo,-20
2025-09-08,CP-117,Entrada compra,61
2025-09-08,SA-106,Salida consumo,-16
2025-09-08,SA-111,Entrada compra,12
2025-09-08,MP-111,Salida consumo,-262
2025-09-08,MP-106,Salida consumo,-81
2025-09-09,CP-116,Salida consumo,-38
2025-09-09,MP-113,Entrada compra,212
2025-09-09,SA-107,Salida consumo,-9
2025-09-09,SA-103,Entrada compra,21
2025-09-09,SP-108,Entrada compra,9
2025-09-09,SP-100,Entrada compra,20
2025-09-10,CP-118,Entrada compra,24
2025-09-10,CP-105,Salida consumo,-87
2025-09-10,MP-104,Salida consumo,-221
2025-09-10,CP-120,Salida consumo,-67
2025-09-10,MP-109,Entrada producción,190
2025-09-10,CP-106,Salida consumo,-69
2025-09-10,MP-106,Ajuste,-3
2025-09-11,SP-104,Entrada compra,29
2025-09-11,CP-117,Salida consumo,-56
2025-09-11,MP-105,Salida consumo,-174
2025-09-11,SA-104,Salida consumo,-14
2025-09-11,CP-108,Entrada producción,32
2025-09-11,CP-116,Ajuste,-2
2025-09-11,SA-111,Salida consumo,-11
2025-09-11,SP-103,Entrada compra,37
2025-09-11,SP-109,Entrada compra,23
2025-09-12,SP-100,Salida consumo,-19
2025-09-12,SA-103,Salida consumo,-21
2025-09-12,CP-119,Entrada compra,77
2025-09-12,CP-103,Entrada compra,30
2025-09-12,CP-113,Entrada compra,72
2025-09-12,MP-113,Salida consumo,-201
2025-09-12,SP-108,Salida consumo,-8
2025-09-12,SA-100,Entrada compra,10
2025-09-13,CP-118,Salida consumo,-28
2025-09-13,MP-109,Salida consumo,-174
2025-09-13,CP-102,Entrada compra,49
2025-09-13,CP-114,Entrada producción,80
2025-09-14,SP-109,Salida consumo,-23
2025-09-14,SP-104,Salida consumo,-31
2025-09-14,CP-108,Salida consumo,-34
2025-09-14,SA-105,Entrada compra,7
2025-09-14,SP-103,Salida consumo,-36
2025-09-15,CP-119,Salida consumo,-62
2025-09-15,MP-112,Entrada compra,243
2025-09-15,SA-110,Entrada compra,25
2025-09-15,CP-113,Salida consumo,-70
2025-09-15,CP-103,Salida consumo,-26
2025-09-15,CP-115,Entrada compra,73
2025-09-15,PA-101,Entrada producción,1
2025-09-15,SA-100,Salida consumo,-9
2025-09-15,SA-109,Entrada compra,5
2025-09-16,SP-105,Entrada compra,10
2025-09-16,CP-114,Salida consumo,-79
2025-09-16,CP-100,Entrada compra,88
2025-09-16,SP-110,Entrada compra,34
2025-09-16,CP-102,Salida consumo,-52
2025-09-16,SP-101,Entrada producción,19
2025-09-17,CP-112,Entrada compra,32
2025-09-17,SP-107,Entrada compra,34
2025-09-17,SA-105,Salida consumo,-7
2025-09-17,MP-100,Entrada producción,239
2025-09-18,CP-115,Salida consumo,-85
2025-09-18,PA-101,Salida despliegue,-1
2025-09-18,SA-109,Salida consumo,-5
2025-09-18,MP-112,Salida consumo,-262
2025-09-18,SA-110,Salida consumo,-23
2025-09-19,SP-101,Salida consumo,-19
2025-09-19,CP-111,Entrada producción,98
2025-09-19,SP-105,Salida consumo,-11
2025-09-19,CP-100,Salida consumo,-85
2025-09-19,PA-102,Entrada producción,8
2025-09-19,SP-110,Salida consumo,-40
2025-09-20,SP-107,Salida consumo,-33
2025-09-20,PA-100,Entrada producción,4
2025-09-20,CP-112,Salida consumo,-35
2025-09-20,MP-108,Entrada compra,90
2025-09-20,CP-109,Entrada compra,30
2025-09-20,MP-107,Entrada compra,108
2025-09-20,MP-100,Salida consumo,-245
2025-09-20,CP-101,Entrada compra,37
2025-09-21,CP-107,Entrada compra,45
2025-09-21,SA-108,Entrada compra,8
2025-09-21,SP-110,Ajuste,-2
2025-09-22,CP-111,Salida consumo,-87
2025-09-22,SA-101,Entrada producción,13
2025-09-22,MP-110,Entrada compra,189
2025-09-22,PA-102,Salida despliegue,-9
2025-09-23,SA-102,Entrada compra,9
2025-09-23,PA-100,Salida despliegue,-4
2025-09-23,MP-107,Salida consumo,-107
2025-09-23,CP-101,Salida consumo,-32
2025-09-23,CP-109,Salida consumo,-35
2025-09-23,SP-106,Entrada compra,31
2025-09-23,MP-108,Salida consumo,-78
2025-09-24,PA-104,Entrada producción,6
2025-09-24,MP-103,Entrada compra,218
2025-09-24,MP-101,Entrada compra,124
2025-09-24,CP-107,Salida consumo,-45
2025-09-24,SA-108,Salida consumo,-10
2025-09-25,MP-102,Entrada compra,173
2025-09-25,SA-101,Salida consumo,-12
2025-09-25,CP-121,Entrada compra,70
2025-09-25,MP-110,Salida consumo,-190
2025-09-25,CP-110,Entrada compra,35
2025-09-26,SA-102,Salida consumo,-8
2025-09-26,SP-106,Salida consumo,-27
2025-09-27,MP-101,Salida consumo,-119
2025-09-27,PA-104,Salida despliegue,-5
2025-09-27,MP-103,Salida consumo,-183
2025-09-28,CP-121,Salida consumo,-66
2025-09-28,MP-102,Salida consumo,-195
2025-09-28,CP-110,Salida consumo,-38
2025-10-04,CP-120,Entrada producción,70
2025-10-04,CP-111,Entrada producción,90
2025-10-04,CP-116,Entrada compra,28
2025-10-05,MP-108,Entrada compra,79
2025-10-05,SP-107,Entrada compra,27
2025-10-06,MP-111,Entrada producción,296
2025-10-06,MP-103,Entrada compra,135
2025-10-07,SP-104,Entrada compra,32
2025-10-07,MP-101,Entrada compra,72
2025-10-07,SA-101,Entrada producción,19
2025-10-07,CP-111,Salida consumo,-78
2025-10-07,CP-116,Salida consumo,-31
2025-10-07,CP-120,Salida consumo,-68
2025-10-07,CP-100,Entrada compra,91
2025-10-07,MP-106,Entrada compra,87
2025-10-08,MP-108,Salida consumo,-90
2025-10-08,SP-107,Salida consumo,-34
2025-10-08,MP-113,Entrada compra,194
2025-10-09,MP-103,Salida consumo,-164
2025-10-09,SP-111,Entrada compra,22
2025-10-09,MP-111,Salida consumo,-247
2025-10-09,CP-119,Entrada compra,48
2025-10-09,CP-113,Entrada compra,39
2025-10-09,SP-108,Entrada compra,21
2025-10-10,MP-101,Salida consumo,-85
2025-10-10,CP-100,Salida consumo,-75
2025-10-10,MP-106,Salida consumo,-72
2025-10-10,CP-110,Entrada compra,41
2025-10-10,SA-101,Salida consumo,-17
2025-10-10,SP-104,Salida consumo,-31
2025-10-10,CP-117,Entrada compra,41
2025-10-11,MP-113,Salida consumo,-190
2025-10-11,MP-100,Entrada producción,252
2025-10-11,MP-103,Ajuste,-2
2025-10-11,CP-104,Entrada compra,57
2025-10-11,MP-112,Entrada compra,260
2025-10-12,PA-104,Entrada producción,4
2025-10-12,CP-119,Salida consumo,-53
2025-10-12,SA-104,Entrada compra,13
2025-10-12,CP-113,Salida consumo,-46
2025-10-12,SP-111,Salida consumo,-20
2025-10-12,CP-115,Entrada compra,63
2025-10-12,SA-110,Entrada compra,24
2025-10-12,PA-102,Entrada producción,6
2025-10-12,SP-108,Salida consumo,-19
2025-10-13,MP-104,Entrada compra,205
2025-10-13,CP-105,Entrada compra,107
2025-10-13,SA-102,Entrada compra,10
2025-10-13,CP-110,Salida consumo,-41
2025-10-13,CP-117,Salida consumo,-51
2025-10-14,CP-107,Entrada compra,60
2025-10-14,SP-109,Entrada compra,19
2025-10-14,MP-100,Salida consumo,-236
2025-10-14,CP-104,Salida consumo,-54
2025-10-14,MP-109,Entrada producción,185
2025-10-14,CP-109,Entrada compra,37
2025-10-14,MP-112,Salida consumo,-260
2025-10-14,CP-106,Entrada compra,51
2025-10-15,SA-103,Entrada compra,13
2025-10-15,SP-102,Entrada compra,23
2025-10-15,CP-115,Salida consumo,-58
2025-10-15,SP-105,Entrada compra,15
2025-10-15,SA-110,Salida consumo,-20
2025-10-15,SA-104,Salida consumo,-14
2025-10-15,CP-118,Entrada compra,36
2025-10-15,MP-105,Entrada compra,203
2025-10-15,PA-102,Salida despliegue,-6
2025-10-15,MP-102,Entrada compra,192
2025-10-15,PA-104,Salida despliegue,-4
2025-10-16,SA-102,Salida consumo,-10
2025-10-16,CP-105,Salida consumo,-88
2025-10-16,CP-104,Ajuste,-3
2025-10-16,MP-104,Salida consumo,-191
2025-10-16,PA-100,Entrada producción,2
2025-10-17,MP-109,Salida consumo,-181
2025-10-17,CP-106,Salida consumo,-54
2025-10-17,CP-107,Salida consumo,-55
2025-10-17,CP-103,Entrada compra,32
2025-10-17,SP-100,Entrada compra,19
2025-10-17,CP-109,Salida consumo,-39
2025-10-17,SP-109,Salida consumo,-18
2025-10-17,SA-108,Entrada compra,2
2025-10-18,SP-101,Entrada producción,12
2025-10-18,SA-103,Salida consumo,-16
2025-10-18,CP-118,Salida consumo,-38
2025-10-18,MP-105,Salida consumo,-170
2025-10-18,MP-102,Salida consumo,-210
2025-10-18,SP-105,Salida consumo,-14
2025-10-18,CP-101,Entrada compra,26
2025-10-18,SP-102,Salida consumo,-25
2025-10-19,CP-108,Entrada producción,29
2025-10-19,MP-107,Entrada compra,92
2025-10-19,PA-100,Salida despliegue,-2
2025-10-20,CP-103,Salida consumo,-27
2025-10-20,SP-100,Salida consumo,-17
2025-10-20,MP-110,Entrada compra,255
2025-10-20,SA-108,Salida consumo,-3
2025-10-20,CP-121,Entrada compra,67
2025-10-20,PA-101,Entrada producción,5
2025-10-21,SA-105,Entrada compra,7
2025-10-21,CP-112,Entrada compra,31
2025-10-21,CP-114,Entrada producción,69
2025-10-21,SP-101,Salida consumo,-14
2025-10-21,CP-102,Entrada compra,39
2025-10-21,CP-101,Salida consumo,-24
2025-10-22,SA-106,Entrada producción,14
2025-10-22,SA-100,Entrada compra,4
2025-10-22,CP-108,Salida consumo,-25
2025-10-22,MP-107,Salida consumo,-108
2025-10-23,SP-110,Entrada compra,37
2025-10-23,CP-121,Salida consumo,-60
2025-10-23,PA-101,Salida despliegue,-6
2025-10-23,MP-110,Salida consumo,-224
2025-10-24,SP-106,Entrada compra,16
2025-10-24,SP-103,Entrada compra,31
2025-10-24,CP-112,Salida consumo,-37
2025-10-24,CP-114,Salida consumo,-79
2025-10-24,CP-102,Salida consumo,-45
2025-10-24,SA-105,Salida consumo,-6
2025-10-24,SA-109,Entrada compra,6
2025-10-24,PA-103,Entrada producción,4
2025-10-25,SA-100,Salida consumo,-5
2025-10-25,SA-107,Entrada compra,12
2025-10-25,SA-106,Salida consumo,-13
2025-10-25,SA-111,Entrada compra,9
2025-10-26,SP-110,Salida consumo,-42
2025-10-26,CP-112,Ajuste,-2
2025-10-27,PA-103,Salida despliegue,-4
2025-10-27,SP-103,Salida consumo,-31
2025-10-27,SA-109,Salida consumo,-7
2025-10-27,SA-100,Ajuste,-1
2025-10-27,SP-106,Salida consumo,-16
2025-10-28,SA-107,Salida consumo,-12
2025-10-28,SA-111,Salida consumo,-8
2025-11-04,MP-111,Entrada producción,263
2025-11-04,SP-103,Entrada compra,29
2025-11-04,CP-119,Entrada compra,56
2025-11-05,SA-103,Entrada compra,9
2025-11-05,CP-101,Entrada compra,24
2025-11-05,MP-109,Entrada producción,179
2025-11-06,CP-121,Entrada compra,63
2025-11-06,SA-101,Entrada producción,14
2025-11-07,MP-111,Salida consumo,-304
2025-11-07,SP-108,Entrada compra,22
2025-11-07,SP-103,Salida consumo,-36
2025-11-07,CP-119,Salida consumo,-64
2025-11-08,CP-101,Salida consumo,-21
2025-11-08,MP-104,Entrada compra,186
2025-11-08,MP-109,Salida consumo,-183
2025-11-08,CP-117,Entrada compra,39
2025-11-08,SA-103,Salida consumo,-11
2025-11-09,SA-101,Salida consumo,-12
2025-11-09,MP-105,Entrada compra,162
2025-11-09,CP-107,Entrada compra,44
2025-11-09,CP-121,Salida consumo,-55
2025-11-10,SP-102,Entrada compra,25
2025-11-10,SP-108,Salida consumo,-20
2025-11-10,MP-113,Entrada compra,152
2025-11-10,CP-105,Entrada compra,73
2025-11-11,CP-100,Entrada compra,61
2025-11-11,MP-100,Entrada producción,224
2025-11-11,CP-115,Entrada compra,83
2025-11-11,SP-100,Entrada compra,14
2025-11-11,SA-106,Entrada producción,21
2025-11-11,CP-117,Salida consumo,-45
2025-11-11,SA-105,Entrada compra,4
2025-11-11,MP-104,Salida consumo,-220
2025-11-12,CP-107,Salida consumo,-49
2025-11-12,SA-107,Entrada compra,9
2025-11-12,CP-104,Entrada compra,46
2025-11-12,PA-103,Entrada producción,2
2025-11-12,MP-105,Salida consumo,-160
2025-11-13,MP-102,Entrada compra,162
2025-11-13,CP-113,Entrada compra,37
2025-11-13,SP-102,Salida consumo,-24
2025-11-13,SA-100,Entrada compra,9
2025-11-13,MP-103,Entrada compra,190
2025-11-13,SA-110,Entrada compra,15
2025-11-13,CP-105,Salida consumo,-82
2025-11-13,MP-113,Salida consumo,-178
2025-11-14,MP-100,Salida consumo,-231
2025-11-14,CP-115,Salida consumo,-75
2025-11-14,SP-101,Entrada producción,21
2025-11-14,SP-100,Salida consumo,-16
2025-11-14,SP-106,Entrada compra,17
2025-11-14,CP-100,Salida consumo,-74
2025-11-14,SA-105,Salida consumo,-5
2025-11-14,SP-111,Entrada compra,13
2025-11-14,SA-106,Salida consumo,-18
2025-11-15,CP-104,Salida consumo,-37
2025-11-15,SA-107,Salida consumo,-9
2025-11-15,PA-103,Salida despliegue,-2
2025-11-15,MP-108,Entrada compra,92
2025-11-16,SA-110,Salida consumo,-14
2025-11-16,SA-108,Entrada compra,15
2025-11-16,MP-107,Entrada compra,108
2025-11-16,SA-104,Entrada compra,20
2025-11-16,SA-100,Salida consumo,-9
2025-11-16,MP-103,Salida consumo,-174
2025-11-16,CP-112,Entrada compra,35
2025-11-16,CP-113,Salida consumo,-41
2025-11-16,MP-102,Salida consumo,-166
2025-11-17,SP-110,Entrada compra,46
2025-11-17,SA-107,Ajuste,-1
2025-11-17,PA-100,Entrada producción,3
2025-11-17,CP-120,Entrada producción,65
2025-11-17,SP-106,Salida consumo,-20
2025-11-17,CP-110,Entrada compra,31
2025-11-17,SP-111,Salida consumo,-17
2025-11-17,SP-101,Salida consumo,-20
2025-11-18,MP-102,Ajuste,-12
2025-11-18,MP-108,Salida consumo,-78
2025-11-18,CP-118,Entrada compra,49
2025-11-18,CP-116,Entrada compra,30
2025-11-19,MP-112,Entrada compra,318
2025-11-19,MP-107,Salida consumo,-94
2025-11-19,SA-109,Entrada compra,4
2025-11-19,SA-108,Salida consumo,-16
2025-11-19,SA-104,Salida consumo,-17
2025-11-19,SP-106,Ajuste,-2
2025-11-19,CP-112,Salida consumo,-31
2025-11-20,PA-104,Entrada producción,4
2025-11-20,CP-120,Salida consumo,-57
2025-11-20,SP-110,Salida consumo,-49
2025-11-20,CP-110,Salida consumo,-37
2025-11-20,SP-104,Entrada compra,27
2025-11-20,CP-111,Entrada producción,77
2025-11-20,SP-107,Entrada compra,25
2025-11-20,PA-100,Salida despliegue,-3
2025-11-21,CP-116,Salida consumo,-35
2025-11-21,CP-103,Entrada compra,24
2025-11-21,CP-106,Entrada compra,43
2025-11-21,CP-118,Salida consumo,-42
2025-11-21,CP-109,Entrada compra,33
2025-11-21,PA-102,Entrada producción,6
2025-11-22,MP-112,Salida consumo,-266
2025-11-22,SA-109,Salida consumo,-5
2025-11-22,CP-114,Entrada producción,94
2025-11-22,SP-109,Entrada compra,23
2025-11-23,SA-102,Entrada compra,15
2025-11-23,SP-107,Salida consumo,-31
2025-11-23,SP-104,Salida consumo,-26
2025-11-23,CP-102,Entrada compra,48
2025-11-23,PA-104,Salida despliegue,-4
2025-11-23,CP-111,Salida consumo,-70
2025-11-24,MP-106,Entrada compra,62
2025-11-24,PA-101,Entrada producción,2
2025-11-24,MP-110,Entrada compra,249
2025-11-24,SP-105,Entrada compra,16
2025-11-24,CP-109,Salida consumo,-27
2025-11-24,SA-111,Entrada compra,13
2025-11-24,CP-103,Salida consumo,-30
2025-11-24,CP-108,Entrada producción,25
2025-11-24,MP-101,Entrada compra,90
2025-11-24,PA-102,Salida despliegue,-7
2025-11-24,CP-106,Salida consumo,-53
2025-11-25,SP-109,Salida consumo,-20
2025-11-25,CP-114,Salida consumo,-79
2025-11-26,CP-102,Salida consumo,-41
2025-11-26,SA-102,Salida consumo,-13
2025-11-27,MP-110,Salida consumo,-205
2025-11-27,MP-106,Salida consumo,-72
2025-11-27,SA-111,Salida consumo,-15
2025-11-27,PA-101,Salida despliegue,-3
2025-11-27,SP-105,Salida consumo,-18
2025-11-27,MP-101,Salida consumo,-92
2025-11-27,CP-108,Salida consumo,-30
2025-11-29,CP-108,Ajuste,-1
2025-12-04,CP-104,Entrada compra,55
2025-12-04,SA-105,Entrada compra,3
2025-12-05,CP-107,Entrada compra,44
2025-12-05,MP-106,Entrada compra,85
2025-12-05,SP-102,Entrada compra,28
2025-12-06,SP-109,Entrada compra,15
2025-12-06,CP-114,Entrada producción,61
2025-12-07,SA-107,Entrada compra,7
2025-12-07,CP-103,Entrada compra,28
2025-12-07,CP-104,Salida consumo,-53
2025-12-07,SA-105,Salida consumo,-4
2025-12-08,SP-102,Salida consumo,-25
2025-12-08,SP-106,Entrada compra,24
2025-12-08,CP-101,Entrada compra,28
2025-12-08,CP-120,Entrada producción,54
2025-12-08,SA-102,Entrada compra,9
2025-12-08,SP-111,Entrada compra,15
2025-12-08,CP-107,Salida consumo,-54
2025-12-08,PA-103,Entrada producción,1
2025-12-08,MP-106,Salida consumo,-82
2025-12-09,CP-111,Entrada producción,86
2025-12-09,MP-103,Entrada compra,181
2025-12-09,CP-114,Salida consumo,-73
2025-12-09,CP-121,Entrada compra,47
2025-12-09,SP-109,Salida consumo,-19
2025-12-10,MP-107,Entrada compra,148
2025-12-10,SA-109,Entrada compra,13
2025-12-10,CP-119,Entrada compra,56
2025-12-10,CP-103,Salida consumo,-28
2025-12-10,SA-107,Salida consumo,-7
2025-12-10,CP-102,Entrada compra,35
2025-12-11,SA-102,Salida consumo,-9
2025-12-11,CP-116,Entrada compra,36
2025-12-11,CP-101,Salida consumo,-31
2025-12-11,SP-106,Salida consumo,-22
2025-12-11,SP-111,Salida consumo,-16
2025-12-11,CP-120,Salida consumo,-58
2025-12-11,PA-103,Salida despliegue,-2
2025-12-11,SA-104,Entrada compra,15
2025-12-11,SA-103,Entrada compra,18
2025-12-11,MP-102,Entrada compra,180
2025-12-12,CP-121,Salida consumo,-46
2025-12-12,MP-100,Entrada producción,211
2025-12-12,PA-104,Entrada producción,5
2025-12-12,CP-111,Salida consumo,-87
2025-12-12,MP-103,Salida consumo,-153
2025-12-13,CP-119,Salida consumo,-62
2025-12-13,SA-109,Salida consumo,-11
2025-12-13,CP-102,Salida consumo,-43
2025-12-13,CP-101,Ajuste,-1
2025-12-13,SA-110,Entrada compra,19
2025-12-13,MP-107,Salida consumo,-127
2025-12-14,SP-100,Entrada compra,18
2025-12-14,SP-101,Entrada producción,15
2025-12-14,MP-110,Entrada compra,177
2025-12-14,MP-112,Entrada compra,203
2025-12-14,CP-116,Salida consumo,-31
2025-12-14,MP-102,Salida consumo,-168
2025-12-14,SA-104,Salida consumo,-15
2025-12-14,SA-103,Salida consumo,-15
2025-12-15,SA-109,Ajuste,-1
2025-12-15,MP-100,Salida consumo,-222
2025-12-15,PA-104,Salida despliegue,-5
2025-12-15,CP-115,Entrada compra,66
2025-12-16,SP-107,Entrada compra,29
2025-12-16,CP-109,Entrada compra,29
2025-12-16,SA-110,Salida consumo,-18
2025-12-16,CP-106,Entrada compra,56
2025-12-16,MP-105,Entrada compra,180
2025-12-16,CP-118,Entrada compra,32
2025-12-17,MP-110,Salida consumo,-213
2025-12-17,CP-113,Entrada compra,74
2025-12-17,MP-112,Salida consumo,-248
2025-12-17,CP-112,Entrada compra,30
2025-12-17,SP-101,Salida consumo,-17
2025-12-17,SP-100,Salida consumo,-20
2025-12-17,CP-100,Entrada compra,53
2025-12-18,CP-115,Salida consumo,-54
2025-12-18,MP-108,Entrada compra,71
2025-12-19,MP-105,Salida consumo,-187
2025-12-19,CP-118,Salida consumo,-33
2025-12-19,SP-107,Salida consumo,-24
2025-12-19,CP-106,Salida consumo,-67
2025-12-19,CP-110,Entrada compra,36
2025-12-19,CP-109,Salida consumo,-33
2025-12-20,CP-112,Salida consumo,-30
2025-12-20,SP-103,Entrada compra,39
2025-12-20,MP-109,Entrada producción,178
2025-12-20,CP-113,Salida consumo,-68
2025-12-20,CP-100,Salida consumo,-58
2025-12-20,PA-100,Entrada producción,1
2025-12-20,CP-108,Entrada producción,34
2025-12-20,SA-108,Entrada compra,7
2025-12-21,SP-104,Entrada compra,39
2025-12-21,MP-108,Salida consumo,-78
2025-12-21,MP-113,Entrada compra,215
2025-12-21,SP-105,Entrada compra,16
2025-12-22,MP-101,Entrada compra,100
2025-12-22,CP-105,Entrada compra,80
2025-12-22,SP-110,Entrada compra,42
2025-12-22,SA-100,Entrada compra,7
2025-12-22,CP-110,Salida consumo,-43
2025-12-23,SA-106,Entrada producción,12
2025-12-23,PA-100,Salida despliegue,-2
2025-12-23,CP-117,Entrada compra,52
2025-12-23,MP-109,Salida consumo,-157
2025-12-23,SP-103,Salida consumo,-32
2025-12-23,SA-108,Salida consumo,-8
2025-12-23,CP-108,Salida consumo,-37
2025-12-24,SP-104,Salida consumo,-34
2025-12-24,SA-111,Entrada compra,7
2025-12-24,SP-105,Salida consumo,-16
2025-12-24,MP-113,Salida consumo,-192
2025-12-24,CP-110,Ajuste,-2
2025-12-25,PA-101,Entrada producción,3
2025-12-25,SA-101,Entrada producción,6
2025-12-25,MP-101,Salida consumo,-99
2025-12-25,SA-100,Salida consumo,-7
2025-12-25,SP-108,Entrada compra,19
2025-12-25,MP-104,Entrada compra,239
2025-12-25,PA-102,Entrada producción,3
2025-12-25,MP-111,Entrada producción,314
2025-12-25,CP-105,Salida consumo,-79
2025-12-25,SP-110,Salida consumo,-50
2025-12-26,SA-106,Salida consumo,-16
2025-12-26,CP-117,Salida consumo,-61
2025-12-27,SA-111,Salida consumo,-7
2025-12-28,SP-108,Salida consumo,-23
2025-12-28,SA-101,Salida consumo,-7
2025-12-28,MP-104,Salida consumo,-202
2025-12-28,MP-111,Salida consumo,-294
2025-12-28,PA-102,Salida despliegue,-3
2025-12-28,PA-101,Salida despliegue,-4
2026-01-04,SP-109,Entrada compra,26
2026-01-04,SP-104,Entrada compra,49
2026-01-05,SP-102,Entrada compra,30
2026-01-05,CP-112,Entrada compra,36
2026-01-05,SA-103,Entrada compra,15
2026-01-05,MP-105,Entrada compra,203
2026-01-05,CP-121,Entrada compra,55
2026-01-06,MP-108,Entrada compra,91
2026-01-06,CP-111,Entrada producción,62
2026-01-06,CP-100,Entrada compra,86
2026-01-07,MP-101,Entrada compra,84
2026-01-07,SA-109,Entrada compra,9
2026-01-07,SP-104,Salida consumo,-40
2026-01-07,CP-104,Entrada compra,45
2026-01-07,SP-109,Salida consumo,-30
2026-01-07,SP-108,Entrada compra,24
2026-01-08,MP-105,Salida consumo,-173
2026-01-08,CP-121,Salida consumo,-60
2026-01-08,SP-102,Salida consumo,-32
2026-01-08,SA-103,Salida consumo,-15
2026-01-08,CP-112,Salida consumo,-45
2026-01-09,SA-105,Entrada compra,6
2026-01-09,MP-108,Salida consumo,-91
2026-01-09,CP-100,Salida consumo,-92
2026-01-09,CP-111,Salida consumo,-73
2026-01-09,MP-107,Entrada compra,108
2026-01-09,SA-108,Entrada compra,15
2026-01-09,SP-105,Entrada compra,22
2026-01-10,CP-104,Salida consumo,-53
2026-01-10,MP-101,Salida consumo,-89
2026-01-10,SA-109,Salida consumo,-8
2026-01-10,SP-108,Salida consumo,-26
2026-01-11,SP-107,Entrada compra,30
2026-01-12,SP-105,Salida consumo,-21
2026-01-12,CP-104,Ajuste,-6
2026-01-12,MP-107,Salida consumo,-111
2026-01-12,SA-108,Salida consumo,-13
2026-01-12,SA-100,Entrada compra,7
2026-01-12,CP-118,Entrada compra,38
2026-01-12,CP-105,Entrada compra,106
2026-01-12,SA-105,Salida consumo,-8
2026-01-13,MP-102,Entrada compra,201
2026-01-13,CP-108,Entrada producción,47
2026-01-13,PA-101,Entrada producción,3
2026-01-14,SP-107,Salida consumo,-31
2026-01-14,SP-111,Entrada compra,19
2026-01-14,SA-101,Entrada producción,12
2026-01-15,SA-100,Salida consumo,-9
2026-01-15,SA-110,Entrada compra,26
2026-01-15,MP-112,Entrada compra,260
2026-01-15,CP-118,Salida consumo,-35
2026-01-15,CP-119,Entrada compra,59
2026-01-15,CP-105,Salida consumo,-101
2026-01-16,SA-102,Entrada compra,9
2026-01-16,MP-100,Entrada producción,276
2026-01-16,CP-117,Entrada compra,55
2026-01-16,PA-101,Salida despliegue,-4
2026-01-16,MP-102,Salida consumo,-193
2026-01-16,CP-116,Entrada compra,45
2026-01-16,CP-108,Salida consumo,-41
2026-01-16,MP-110,Entrada compra,223
2026-01-16,PA-103,Entrada producción,2
2026-01-17,SA-106,Entrada producción,14
2026-01-17,SA-107,Entrada compra,12
2026-01-17,CP-115,Entrada compra,71
2026-01-17,SA-101,Salida consumo,-14
2026-01-17,CP-120,Entrada producción,69
2026-01-17,SP-111,Salida consumo,-17
2026-01-17,CP-109,Entrada compra,42
2026-01-18,MP-106,Entrada compra,80
2026-01-18,SA-110,Salida consumo,-25
2026-01-18,SP-110,Entrada compra,31
2026-01-18,SP-106,Entrada compra,19
2026-01-18,MP-112,Salida consumo,-264
2026-01-18,CP-119,Salida consumo,-68
2026-01-19,CP-116,Salida consumo,-37
2026-01-19,MP-100,Salida consumo,-243
2026-01-19,PA-103,Salida despliegue,-3
2026-01-19,MP-110,Salida consumo,-219
2026-01-19,CP-117,Salida consumo,-56
2026-01-19,SA-102,Salida consumo,-9
2026-01-19,CP-110,Entrada compra,42
2026-01-19,SA-104,Entrada compra,17
2026-01-20,SA-106,Salida consumo,-16
2026-01-20,SA-107,Salida consumo,-13
2026-01-20,CP-115,Salida consumo,-65
2026-01-20,CP-101,Entrada compra,19
2026-01-20,MP-104,Entrada compra,162
2026-01-20,CP-120,Salida consumo,-74
2026-01-20,CP-109,Salida consumo,-42
2026-01-20,CP-107,Entrada compra,60
2026-01-20,SP-100,Entrada compra,17
2026-01-20,CP-102,Entrada compra,46
2026-01-21,SP-110,Salida consumo,-38
2026-01-21,SA-111,Entrada compra,10
2026-01-21,SP-106,Salida consumo,-20
2026-01-21,MP-106,Salida consumo,-75
2026-01-22,CP-110,Salida consumo,-52
2026-01-22,SA-104,Salida consumo,-18
2026-01-22,PA-104,Entrada producción,5
2026-01-22,MP-113,Entrada compra,193
2026-01-22,PA-100,Entrada producción,4
2026-01-22,MP-103,Entrada compra,188
2026-01-22,CP-103,Entrada compra,28
2026-01-23,SP-100,Salida consumo,-14
2026-01-23,CP-101,Salida consumo,-17
2026-01-23,CP-106,Entrada compra,83
2026-01-23,MP-109,Entrada producción,157
2026-01-23,CP-107,Salida consumo,-52
2026-01-23,CP-113,Entrada compra,43
2026-01-23,CP-102,Salida consumo,-41
2026-01-23,MP-104,Salida consumo,-172
2026-01-24,SP-101,Entrada producción,9
2026-01-24,SA-111,Salida consumo,-9
2026-01-24,MP-111,Entrada producción,284
2026-01-25,MP-113,Salida consumo,-187
2026-01-25,CP-114,Entrada producción,72
2026-01-25,SP-103,Entrada compra,33
2026-01-25,CP-103,Salida consumo,-24
2026-01-25,PA-100,Salida despliegue,-4
2026-01-25,PA-102,Entrada producción,3
2026-01-25,PA-104,Salida despliegue,-7
2026-01-25,MP-103,Salida consumo,-193
2026-01-26,MP-109,Salida consumo,-173
2026-01-26,CP-106,Salida consumo,-76
2026-01-26,CP-113,Salida consumo,-52
2026-01-27,SP-101,Salida consumo,-9
2026-01-27,MP-111,Salida consumo,-296
2026-01-28,PA-102,Salida despliegue,-4
2026-01-28,SP-103,Salida consumo,-31
2026-01-28,CP-114,Salida consumo,-88
2026-02-04,CP-107,Entrada compra,72
2026-02-04,SA-107,Entrada compra,10
2026-02-04,CP-114,Entrada producción,85
2026-02-05,CP-121,Entrada compra,49
2026-02-06,SA-101,Entrada producción,13
2026-02-07,SA-107,Salida consumo,-10
2026-02-07,SP-109,Entrada compra,26
2026-02-07,CP-115,Entrada compra,89
2026-02-07,CP-114,Salida consumo,-74
2026-02-07,CP-107,Salida consumo,-64
2026-02-08,MP-108,Entrada compra,101
2026-02-08,CP-109,Entrada compra,32
2026-02-08,SP-103,Entrada compra,30
2026-02-08,CP-121,Salida consumo,-55
2026-02-09,CP-118,Entrada compra,30
2026-02-09,SP-101,Entrada producción,13
2026-02-09,SA-101,Salida consumo,-12
2026-02-09,CP-112,Entrada compra,39
2026-02-10,SA-105,Entrada compra,4
2026-02-10,MP-105,Entrada compra,235
2026-02-10,CP-115,Salida consumo,-82
2026-02-10,SP-109,Salida consumo,-23
2026-02-10,SA-108,Entrada compra,9
2026-02-11,CP-104,Entrada compra,54
2026-02-11,SP-103,Salida consumo,-34
2026-02-11,MP-111,Entrada producción,329
2026-02-11,PA-102,Entrada producción,2
2026-02-11,CP-109,Salida consumo,-36
2026-02-11,SP-100,Entrada compra,12
2026-02-11,PA-103,Entrada producción,5
2026-02-11,MP-108,Salida consumo,-88
2026-02-12,MP-107,Entrada compra,131
2026-02-12,SP-101,Salida consumo,-15
2026-02-12,SP-111,Entrada compra,23
2026-02-12,CP-118,Salida consumo,-32
2026-02-12,CP-103,Entrada compra,44
2026-02-12,MP-102,Entrada compra,175
2026-02-12,CP-112,Salida consumo,-33
2026-02-13,SA-102,Entrada compra,15
2026-02-13,SA-108,Salida consumo,-12
2026-02-13,CP-117,Entrada compra,76
2026-02-13,MP-105,Salida consumo,-228
2026-02-13,SA-105,Salida consumo,-4
2026-02-14,CP-110,Entrada compra,42
2026-02-14,PA-103,Salida despliegue,-5
2026-02-14,CP-105,Entrada compra,95
2026-02-14,PA-102,Salida despliegue,-2
2026-02-14,CP-116,Entrada compra,35
2026-02-14,SP-100,Salida consumo,-13
2026-02-14,MP-111,Salida consumo,-294
2026-02-14,SA-110,Entrada compra,28
2026-02-14,CP-104,Salida consumo,-61
2026-02-14,MP-110,Entrada compra,212
2026-02-15,MP-102,Salida consumo,-193
2026-02-15,SP-111,Salida consumo,-23
2026-02-15,MP-103,Entrada compra,192
2026-02-15,MP-113,Entrada compra,255
2026-02-15,SA-100,Entrada compra,6
2026-02-15,MP-107,Salida consumo,-142
2026-02-15,SA-103,Entrada compra,19
2026-02-15,CP-103,Salida consumo,-41
2026-02-15,PA-101,Entrada producción,2
2026-02-15,MP-112,Entrada compra,260
2026-02-16,SA-102,Salida consumo,-17
2026-02-16,SP-100,Ajuste,-2
2026-02-16,CP-106,Entrada compra,62
2026-02-16,CP-117,Salida consumo,-67
2026-02-16,CP-119,Entrada compra,81
2026-02-16,CP-100,Entrada compra,71
2026-02-17,MP-110,Salida consumo,-237
2026-02-17,SP-110,Entrada compra,58
2026-02-17,SA-110,Salida consumo,-27
2026-02-17,CP-105,Salida consumo,-94
2026-02-17,CP-116,Salida consumo,-36
2026-02-17,CP-102,Entrada compra,54
2026-02-17,CP-110,Salida consumo,-48
2026-02-17,SA-109,Entrada compra,10
2026-02-18,MP-113,Salida consumo,-210
2026-02-18,SA-100,Salida consumo,-7
2026-02-18,MP-112,Salida consumo,-307
2026-02-18,CP-120,Entrada producción,93
2026-02-18,PA-101,Salida despliegue,-3
2026-02-18,CP-111,Entrada producción,84
2026-02-18,SA-103,Salida consumo,-21
2026-02-18,MP-103,Salida consumo,-187
2026-02-18,SP-107,Entrada compra,29
2026-02-18,SP-108,Entrada compra,21
2026-02-19,CP-100,Salida consumo,-85
2026-02-19,CP-119,Salida consumo,-67
2026-02-19,SP-102,Entrada compra,34
2026-02-19,CP-106,Salida consumo,-74
2026-02-19,CP-108,Entrada producción,43
2026-02-20,SA-106,Entrada producción,23
2026-02-20,MP-112,Ajuste,-15
2026-02-20,SP-110,Salida consumo,-61
2026-02-20,PA-104,Entrada producción,7
2026-02-20,CP-102,Salida consumo,-52
2026-02-20,SA-109,Salida consumo,-11
2026-02-21,SA-104,Entrada compra,15
2026-02-21,MP-104,Entrada compra,199
2026-02-21,SA-111,Entrada compra,6
2026-02-21,CP-111,Salida consumo,-89
2026-02-21,PA-100,Entrada producción,3
2026-02-21,SP-107,Salida consumo,-35
2026-02-21,SP-108,Salida consumo,-21
2026-02-21,CP-120,Salida consumo,-77
2026-02-22,MP-101,Entrada compra,119
2026-02-22,SP-110,Ajuste,-7
2026-02-22,CP-108,Salida consumo,-46
2026-02-22,SP-102,Salida consumo,-30
2026-02-23,CP-101,Entrada compra,37
2026-02-23,CP-113,Entrada compra,78
2026-02-23,SA-106,Salida consumo,-22
2026-02-23,PA-104,Salida despliegue,-6
2026-02-23,MP-106,Entrada compra,78
2026-02-23,MP-100,Entrada producción,274
2026-02-24,MP-109,Entrada producción,217
2026-02-24,SA-104,Salida consumo,-13
2026-02-24,PA-100,Salida despliegue,-4
2026-02-24,SA-111,Salida consumo,-7
2026-02-24,CP-108,Ajuste,-1
2026-02-24,MP-104,Salida consumo,-227
2026-02-25,MP-101,Salida consumo,-103
2026-02-25,SP-105,Entrada compra,19
2026-02-25,SP-104,Entrada compra,46
2026-02-25,SP-106,Entrada compra,22
2026-02-26,SA-111,Ajuste,-1
2026-02-26,MP-100,Salida consumo,-265
2026-02-26,MP-106,Salida consumo,-87
2026-02-26,CP-113,Salida consumo,-75
2026-02-26,CP-101,Salida consumo,-37
2026-02-27,MP-109,Salida consumo,-192
2026-02-28,SP-106,Salida consumo,-23
2026-02-28,SP-105,Salida consumo,-22
2026-02-28,SP-104,Salida consumo,-43
2026-03-04,MP-111,Entrada producción,442
2026-03-04,CP-104,Entrada compra,53
2026-03-04,CP-119,Entrada compra,80
2026-03-04,SP-109,Entrada compra,22
2026-03-05,MP-100,Entrada producción,306
2026-03-06,MP-106,Entrada compra,138
2026-03-06,CP-120,Entrada producción,97
2026-03-06,MP-108,Entrada compra,97
2026-03-06,SP-100,Entrada compra,15
2026-03-06,MP-105,Entrada compra,260
2026-03-06,MP-107,Entrada compra,126
2026-03-07,CP-119,Salida consumo,-80
2026-03-07,MP-111,Salida consumo,-385
2026-03-07,SP-103,Entrada compra,56
2026-03-07,SP-108,Entrada compra,32
2026-03-07,CP-104,Salida consumo,-53
2026-03-07,SP-109,Salida consumo,-22
2026-03-08,MP-110,Entrada compra,225
2026-03-08,MP-101,Entrada compra,84
2026-03-08,MP-100,Salida consumo,-301
2026-03-08,CP-115,Entrada compra,61
2026-03-09,CP-120,Salida consumo,-83
2026-03-09,MP-112,Entrada compra,405
2026-03-09,SA-103,Entrada compra,17
2026-03-09,MP-106,Salida consumo,-121
2026-03-09,MP-107,Salida consumo,-140
2026-03-09,MP-108,Salida consumo,-106
2026-03-09,SP-106,Entrada compra,22
2026-03-09,SP-100,Salida consumo,-14
2026-03-09,MP-105,Salida consumo,-237
2026-03-10,SP-102,Entrada compra,30
2026-03-10,CP-106,Entrada compra,105
2026-03-10,SP-108,Salida consumo,-34
2026-03-10,SP-103,Salida consumo,-53
2026-03-11,SP-105,Entrada compra,24
2026-03-11,SP-107,Entrada compra,36
2026-03-11,CP-114,Entrada producción,90
2026-03-11,MP-101,Salida consumo,-106
2026-03-11,MP-113,Entrada compra,165
2026-03-11,SA-101,Entrada producción,12
2026-03-11,CP-115,Salida consumo,-74
2026-03-11,SA-100,Entrada compra,13
2026-03-11,MP-110,Salida consumo,-277
2026-03-12,CP-112,Entrada compra,45
2026-03-12,MP-112,Salida consumo,-348
2026-03-12,SP-106,Salida consumo,-22
2026-03-12,SA-103,Salida consumo,-15
2026-03-12,PA-102,Entrada producción,5
2026-03-13,CP-101,Entrada compra,38
2026-03-13,SP-102,Salida consumo,-31
2026-03-13,CP-106,Salida consumo,-96
2026-03-14,SA-101,Salida consumo,-15
2026-03-14,CP-107,Entrada compra,57
2026-03-14,SP-105,Salida consumo,-21
2026-03-14,SP-107,Salida consumo,-43
2026-03-14,SA-100,Salida consumo,-12
2026-03-14,CP-114,Salida consumo,-97
2026-03-14,MP-113,Salida consumo,-182
2026-03-14,SA-108,Entrada compra,13
2026-03-15,CP-116,Entrada compra,38
2026-03-15,PA-102,Salida despliegue,-5
2026-03-15,SA-102,Entrada compra,10
2026-03-15,CP-112,Salida consumo,-39
2026-03-15,MP-109,Entrada producción,174
2026-03-15,SA-105,Entrada compra,5
2026-03-16,CP-101,Salida consumo,-36
2026-03-16,MP-113,Ajuste,-6
2026-03-17,SP-101,Entrada producción,16
2026-03-17,SA-110,Entrada compra,25
2026-03-17,CP-117,Entrada compra,66
2026-03-17,CP-107,Salida consumo,-68
2026-03-17,SA-109,Entrada compra,8
2026-03-17,SA-108,Salida consumo,-15
2026-03-17,CP-102,Entrada compra,77
2026-03-18,CP-116,Salida consumo,-34
2026-03-18,SA-102,Salida consumo,-11
2026-03-18,MP-109,Salida consumo,-196
2026-03-18,SA-105,Salida consumo,-6
2026-03-19,CP-105,Entrada compra,123
2026-03-20,SA-109,Salida consumo,-8
2026-03-20,MP-103,Entrada compra,192
2026-03-20,CP-102,Salida consumo,-74
2026-03-20,SP-101,Salida consumo,-19
2026-03-20,CP-100,Entrada compra,96
2026-03-20,SA-110,Salida consumo,-23
2026-03-20,SA-106,Entrada producción,13
2026-03-20,CP-117,Salida consumo,-70
2026-03-21,PA-100,Entrada producción,6
2026-03-21,CP-121,Entrada compra,81
2026-03-21,SP-111,Entrada compra,35
2026-03-22,CP-105,Salida consumo,-106
2026-03-23,PA-104,Entrada producción,3
2026-03-23,CP-109,Entrada compra,41
2026-03-23,SA-111,Entrada compra,14
2026-03-23,SA-104,Entrada compra,19
2026-03-23,CP-111,Entrada producción,104
2026-03-23,SA-106,Salida consumo,-13
2026-03-23,MP-103,Salida consumo,-215
2026-03-23,CP-100,Salida consumo,-95
2026-03-23,PA-103,Entrada producción,5
2026-03-24,SP-111,Salida consumo,-30
2026-03-24,CP-118,Entrada compra,49
2026-03-24,SP-104,Entrada compra,23
2026-03-24,CP-121,Salida consumo,-72
2026-03-24,MP-102,Entrada compra,242
2026-03-24,CP-108,Entrada producción,28
2026-03-24,CP-103,Entrada compra,44
2026-03-24,SA-107,Entrada compra,9
2026-03-24,PA-100,Salida despliegue,-6
2026-03-25,CP-110,Entrada compra,72
2026-03-25,PA-101,Entrada producción,5
2026-03-25,CP-113,Entrada compra,69
2026-03-25,MP-104,Entrada compra,238
2026-03-25,SP-110,Entrada compra,50
2026-03-26,PA-103,Salida despliegue,-6
2026-03-26,PA-104,Salida despliegue,-3
2026-03-26,SA-111,Salida consumo,-13
2026-03-26,CP-109,Salida consumo,-39
2026-03-26,SA-104,Salida consumo,-17
2026-03-26,CP-111,Salida consumo,-123
2026-03-27,SP-104,Salida consumo,-28
2026-03-27,CP-118,Salida consumo,-42
2026-03-27,CP-108,Salida consumo,-31
2026-03-27,SA-107,Salida consumo,-10
2026-03-27,CP-103,Salida consumo,-37
2026-03-27,MP-102,Salida consumo,-212
2026-03-28,CP-110,Salida consumo,-64
2026-03-28,PA-101,Salida despliegue,-6
2026-03-28,SP-110,Salida consumo,-62
2026-03-28,CP-113,Salida consumo,-66
2026-03-28,MP-104,Salida consumo,-246
2026-03-29,SA-107,Ajuste,-1
2026-04-04,SP-111,Entrada compra,29
2026-04-04,MP-107,Entrada compra,201
2026-04-04,SA-107,Entrada compra,16
2026-04-05,SA-111,Entrada compra,18
2026-04-05,SP-105,Entrada compra,18
2026-04-05,SA-110,Entrada compra,22
2026-04-06,MP-109,Entrada producción,241
2026-04-06,SP-104,Entrada compra,66
2026-04-07,SA-107,Salida consumo,-14
2026-04-07,SA-100,Entrada compra,12
2026-04-07,CP-101,Entrada compra,34
2026-04-07,CP-110,Entrada compra,56
2026-04-07,CP-112,Entrada compra,47
2026-04-07,SP-111,Salida consumo,-30
2026-04-07,MP-103,Entrada compra,196
2026-04-07,MP-107,Salida consumo,-185
2026-04-08,SA-110,Salida consumo,-21
2026-04-08,CP-106,Entrada compra,76
2026-04-08,MP-104,Entrada compra,257
2026-04-08,SP-105,Salida consumo,-19
2026-04-08,SA-111,Salida consumo,-16
2026-04-09,PA-104,Entrada producción,1
2026-04-09,SA-102,Entrada compra,7
2026-04-09,MP-109,Salida consumo,-228
2026-04-09,SP-104,Salida consumo,-57
2026-04-09,MP-108,Entrada compra,113
2026-04-09,SA-103,Entrada compra,31
2026-04-09,CP-118,Entrada compra,58
2026-04-10,SA-100,Salida consumo,-10
2026-04-10,MP-103,Salida consumo,-224
2026-04-10,SP-105,Ajuste,-1
2026-04-10,CP-111,Entrada producción,132
2026-04-10,CP-107,Entrada compra,65
2026-04-10,SP-106,Entrada compra,35
2026-04-10,CP-112,Salida consumo,-41
2026-04-10,CP-101,Salida consumo,-36
2026-04-10,SP-100,Entrada compra,20
2026-04-10,CP-110,Salida consumo,-71
2026-04-11,CP-106,Salida consumo,-93
2026-04-11,CP-113,Entrada compra,59
2026-04-11,MP-104,Salida consumo,-273
2026-04-12,MP-105,Entrada compra,217
2026-04-12,SA-103,Salida consumo,-26
2026-04-12,PA-104,Salida despliegue,-2
2026-04-12,SA-102,Salida consumo,-7
2026-04-12,MP-108,Salida consumo,-126
2026-04-12,CP-118,Salida consumo,-55
2026-04-13,CP-119,Entrada compra,81
2026-04-13,CP-111,Salida consumo,-111
2026-04-13,CP-107,Salida consumo,-62
2026-04-13,SP-100,Salida consumo,-24
2026-04-13,MP-113,Entrada compra,219
2026-04-13,SA-109,Entrada compra,11
2026-04-13,SP-108,Entrada compra,16
2026-04-13,SP-106,Salida consumo,-31
2026-04-14,CP-118,Ajuste,-4
2026-04-14,SP-109,Entrada compra,23
2026-04-14,PA-102,Entrada producción,5
2026-04-14,PA-103,Entrada producción,3
2026-04-14,CP-113,Salida consumo,-73
2026-04-15,CP-108,Entrada producción,35
2026-04-15,MP-106,Entrada compra,113
2026-04-15,MP-105,Salida consumo,-210
2026-04-15,CP-107,Ajuste,-7
2026-04-15,CP-109,Entrada compra,36
2026-04-16,MP-110,Entrada compra,350
2026-04-16,CP-119,Salida consumo,-92
2026-04-16,MP-113,Salida consumo,-226
2026-04-16,SP-108,Salida consumo,-14
2026-04-16,SA-106,Entrada producción,11
2026-04-16,SA-109,Salida consumo,-12
2026-04-16,SP-107,Entrada compra,41
2026-04-17,SA-101,Entrada producción,12
2026-04-17,PA-102,Salida despliegue,-5
2026-04-17,SP-109,Salida consumo,-23
2026-04-17,MP-112,Entrada compra,316
2026-04-17,PA-103,Salida despliegue,-3
2026-04-17,MP-111,Entrada producción,437
2026-04-17,MP-102,Entrada compra,233
2026-04-18,SP-102,Entrada compra,34
2026-04-18,CP-115,Entrada compra,76
2026-04-18,SA-105,Entrada compra,5
2026-04-18,CP-108,Salida consumo,-40
2026-04-18,CP-109,Salida consumo,-41
2026-04-18,MP-106,Salida consumo,-103
2026-04-19,SP-107,Salida consumo,-35
2026-04-19,SA-106,Salida consumo,-11
2026-04-19,MP-110,Salida consumo,-324
2026-04-20,MP-111,Salida consumo,-432
2026-04-20,MP-102,Salida consumo,-214
2026-04-20,CP-105,Entrada compra,96
2026-04-20,SA-101,Salida consumo,-13
2026-04-20,MP-112,Salida consumo,-391
2026-04-20,CP-121,Entrada compra,51
2026-04-20,CP-104,Entrada compra,60
2026-04-21,SP-102,Salida consumo,-30
2026-04-21,MP-101,Entrada compra,110
2026-04-21,CP-115,Salida consumo,-74
2026-04-21,SA-105,Salida consumo,-6
2026-04-21,CP-117,Entrada compra,85
2026-04-22,SA-104,Entrada compra,21
2026-04-22,SP-103,Entrada compra,46
2026-04-22,SP-101,Entrada producción,24
2026-04-22,PA-100,Entrada producción,7
2026-04-23,SP-110,Entrada compra,44
2026-04-23,CP-104,Salida consumo,-65
2026-04-23,CP-121,Salida consumo,-58
2026-04-23,CP-120,Entrada producción,82
2026-04-23,PA-101,Entrada producción,3
2026-04-23,CP-115,Ajuste,-3
2026-04-23,CP-102,Entrada compra,76
2026-04-23,CP-114,Entrada producción,111
2026-04-23,CP-103,Entrada compra,50
2026-04-23,CP-105,Salida consumo,-104
2026-04-24,CP-117,Salida consumo,-79
2026-04-24,MP-101,Salida consumo,-110
2026-04-24,CP-116,Entrada compra,38
2026-04-24,SA-108,Entrada compra,18
2026-04-24,CP-100,Entrada compra,122
2026-04-25,MP-100,Entrada producción,318
2026-04-25,SA-104,Salida consumo,-27
2026-04-25,PA-100,Salida despliegue,-7
2026-04-25,SP-103,Salida consumo,-42
2026-04-25,SP-101,Salida consumo,-21
2026-04-26,CP-103,Salida consumo,-43
2026-04-26,SP-110,Salida consumo,-51
2026-04-26,CP-120,Salida consumo,-90
2026-04-26,CP-114,Salida consumo,-118
2026-04-26,PA-101,Salida despliegue,-4
2026-04-26,CP-102,Salida consumo,-69
2026-04-27,CP-100,Salida consumo,-128
2026-04-27,SA-108,Salida consumo,-15
2026-04-27,CP-116,Salida consumo,-44
2026-04-28,MP-100,Salida consumo,-349
2026-05-04,SP-100,Entrada compra,13
2026-05-04,SA-102,Entrada compra,10
2026-05-05,SP-109,Entrada compra,24
2026-05-06,MP-100,Entrada producción,479
2026-05-06,MP-101,Entrada compra,156
2026-05-06,SA-104,Entrada compra,27
2026-05-06,PA-101,Entrada producción,4
2026-05-07,SP-100,Salida consumo,-16
2026-05-07,SA-102,Salida consumo,-13
2026-05-07,MP-103,Entrada compra,227
2026-05-07,MP-109,Entrada producción,235
2026-05-07,MP-110,Entrada compra,364
2026-05-08,MP-104,Entrada compra,298
2026-05-08,SP-109,Salida consumo,-26
2026-05-08,MP-105,Entrada compra,237
2026-05-09,PA-103,Entrada producción,1
2026-05-09,SA-104,Salida consumo,-30
2026-05-09,SA-102,Ajuste,-1
2026-05-09,CP-109,Entrada compra,47
2026-05-09,PA-101,Salida despliegue,-6
2026-05-09,MP-100,Salida consumo,-398
2026-05-09,MP-101,Salida consumo,-129
2026-05-10,SP-111,Entrada compra,27
2026-05-10,PA-100,Entrada producción,5
2026-05-10,SA-108,Entrada compra,14
2026-05-10,MP-102,Entrada compra,208
2026-05-10,SA-106,Entrada producción,18
2026-05-10,MP-109,Salida consumo,-248
2026-05-10,CP-118,Entrada compra,44
2026-05-10,MP-110,Salida consumo,-319
2026-05-10,SP-103,Entrada compra,65
2026-05-10,CP-101,Entrada compra,55
2026-05-10,MP-103,Salida consumo,-264
2026-05-10,CP-119,Entrada compra,96
2026-05-11,SA-105,Entrada compra,10
2026-05-11,MP-105,Salida consumo,-249
2026-05-11,SA-111,Entrada compra,13
2026-05-11,MP-104,Salida consumo,-311
2026-05-12,MP-113,Entrada compra,195
2026-05-12,PA-103,Salida despliegue,-2
2026-05-12,CP-109,Salida consumo,-40
2026-05-12,SP-107,Entrada compra,53
2026-05-13,CP-118,Salida consumo,-47
2026-05-13,SP-103,Salida consumo,-56
2026-05-13,CP-101,Salida consumo,-46
2026-05-13,CP-117,Entrada compra,85
2026-05-13,PA-100,Salida despliegue,-6
2026-05-13,MP-102,Salida consumo,-232
2026-05-13,SA-106,Salida consumo,-22
2026-05-13,CP-107,Entrada compra,67
2026-05-13,PA-102,Entrada producción,7
2026-05-13,SA-108,Salida consumo,-15
2026-05-13,SP-111,Salida consumo,-30
2026-05-13,CP-119,Salida consumo,-95
2026-05-14,SA-111,Salida consumo,-12
2026-05-14,SA-105,Salida consumo,-10
2026-05-14,PA-104,Entrada producción,8
2026-05-14,CP-111,Entrada producción,129
2026-05-14,CP-105,Entrada compra,107
2026-05-15,CP-112,Entrada compra,39
2026-05-15,MP-113,Salida consumo,-241
2026-05-15,SP-107,Salida consumo,-44
2026-05-15,SP-104,Entrada compra,66
2026-05-15,CP-101,Ajuste,-5
2026-05-15,MP-112,Entrada compra,483
2026-05-16,CP-120,Entrada producción,111
2026-05-16,CP-117,Salida consumo,-77
2026-05-16,PA-102,Salida despliegue,-6
2026-05-16,SP-108,Entrada compra,11
2026-05-16,CP-107,Salida consumo,-84
2026-05-17,MP-111,Entrada producción,405
2026-05-17,CP-105,Salida consumo,-118
2026-05-17,CP-110,Entrada compra,52
2026-05-17,CP-111,Salida consumo,-127
2026-05-17,PA-104,Salida despliegue,-8
2026-05-18,SP-104,Salida consumo,-56
2026-05-18,CP-115,Entrada compra,79
2026-05-18,CP-117,Ajuste,-7
2026-05-18,MP-112,Salida consumo,-420
2026-05-18,CP-112,Salida consumo,-49
2026-05-18,CP-103,Entrada compra,50
2026-05-18,CP-114,Entrada producción,116
2026-05-18,SA-100,Entrada compra,15
2026-05-19,MP-106,Entrada compra,94
2026-05-19,CP-111,Ajuste,-4
2026-05-19,SP-108,Salida consumo,-12
2026-05-19,CP-121,Entrada compra,83
2026-05-19,CP-113,Entrada compra,109
2026-05-19,CP-120,Salida consumo,-91
2026-05-20,SP-102,Entrada compra,54
2026-05-20,SA-103,Entrada compra,28
2026-05-20,MP-111,Salida consumo,-404
2026-05-20,CP-110,Salida consumo,-55
2026-05-20,CP-106,Entrada compra,87
2026-05-20,SA-101,Entrada producción,11
2026-05-20,CP-112,Ajuste,-1
2026-05-21,CP-116,Entrada compra,46
2026-05-21,CP-114,Salida consumo,-98
2026-05-21,SA-100,Salida consumo,-16
2026-05-21,SP-110,Entrada compra,73
2026-05-21,MP-108,Entrada compra,94
2026-05-21,SP-108,Ajuste,-1
2026-05-21,CP-103,Salida consumo,-41
2026-05-21,CP-115,Salida consumo,-97
2026-05-22,MP-106,Salida consumo,-108
2026-05-22,CP-113,Salida consumo,-99
2026-05-22,CP-100,Entrada compra,134
2026-05-22,SP-101,Entrada producción,26
2026-05-22,CP-121,Salida consumo,-79
2026-05-22,SP-105,Entrada compra,23
2026-05-23,SA-109,Entrada compra,14
2026-05-23,SA-101,Salida consumo,-10
2026-05-23,SA-103,Salida consumo,-25
2026-05-23,CP-106,Salida consumo,-95
2026-05-23,MP-107,Entrada compra,215
2026-05-23,SP-102,Salida consumo,-47
2026-05-24,CP-116,Salida consumo,-40
2026-05-24,SA-107,Entrada compra,19
2026-05-24,SP-110,Salida consumo,-59
2026-05-24,CP-108,Entrada producción,63
2026-05-24,CP-104,Entrada compra,77
2026-05-24,MP-108,Salida consumo,-108
2026-05-25,CP-102,Entrada compra,67
2026-05-25,SA-110,Entrada compra,26
2026-05-25,SP-106,Entrada compra,45
2026-05-25,SP-105,Salida consumo,-22
2026-05-25,SP-101,Salida consumo,-26
2026-05-25,SA-103,Ajuste,-3
2026-05-25,CP-100,Salida consumo,-112
2026-05-26,SA-109,Salida consumo,-12
2026-05-26,MP-107,Salida consumo,-178
2026-05-27,CP-108,Salida consumo,-52
2026-05-27,CP-104,Salida consumo,-63
2026-05-27,SA-107,Salida consumo,-18
2026-05-28,SP-106,Salida consumo,-41
2026-05-28,SA-110,Salida consumo,-25
2026-05-28,CP-102,Salida consumo,-80
2026-06-04,MP-102,Entrada compra,203
2026-06-04,SA-103,Entrada compra,21
2026-06-05,CP-101,Entrada compra,37
2026-06-05,SA-110,Entrada compra,25
2026-06-05,SP-105,Entrada compra,23
2026-06-05,SA-100,Entrada compra,9
2026-06-05,CP-110,Entrada compra,103
2026-06-06,SA-111,Entrada compra,16
2026-06-06,MP-105,Entrada compra,343
2026-06-06,SA-104,Entrada compra,19
2026-06-07,MP-102,Salida consumo,-253
2026-06-07,CP-109,Entrada compra,36
2026-06-07,SA-103,Salida consumo,-24
2026-06-07,SP-102,Entrada compra,32
2026-06-08,CP-110,Salida consumo,-92
2026-06-08,CP-119,Entrada compra,103
2026-06-08,SP-105,Salida consumo,-27
2026-06-08,SP-108,Entrada compra,36
2026-06-08,CP-101,Salida consumo,-41
2026-06-08,CP-106,Entrada compra,88
2026-06-08,SA-100,Salida consumo,-8
2026-06-08,SA-110,Salida consumo,-24
2026-06-08,PA-103,Entrada producción,2
2026-06-09,CP-100,Entrada compra,110
2026-06-09,MP-110,Entrada compra,386
2026-06-09,CP-107,Entrada compra,75
2026-06-09,SA-104,Salida consumo,-23
2026-06-09,SA-111,Salida consumo,-16
2026-06-09,MP-105,Salida consumo,-277
2026-06-09,CP-121,Entrada compra,110
2026-06-10,SP-102,Salida consumo,-32
2026-06-10,SA-110,Ajuste,-3
2026-06-10,CP-109,Salida consumo,-41
2026-06-10,SA-107,Entrada compra,14
2026-06-11,SP-108,Salida consumo,-30
2026-06-11,CP-106,Salida consumo,-81
2026-06-11,CP-119,Salida consumo,-95
2026-06-11,SA-106,Entrada producción,17
2026-06-11,PA-103,Salida despliegue,-2
2026-06-12,SP-101,Entrada producción,20
2026-06-12,MP-109,Entrada producción,186
2026-06-12,CP-107,Salida consumo,-77
2026-06-12,CP-100,Salida consumo,-101
2026-06-12,CP-121,Salida consumo,-89
2026-06-12,MP-110,Salida consumo,-327
2026-06-13,SA-107,Salida consumo,-14
2026-06-13,MP-111,Entrada producción,564
2026-06-13,CP-116,Entrada compra,52
2026-06-14,CP-104,Entrada compra,82
2026-06-14,SA-106,Salida consumo,-17
2026-06-15,MP-112,Entrada compra,542
2026-06-15,CP-108,Entrada producción,61
2026-06-15,MP-109,Salida consumo,-218
2026-06-15,CP-105,Entrada compra,162
2026-06-15,SP-101,Salida consumo,-21
2026-06-16,MP-111,Salida consumo,-464
2026-06-16,CP-112,Entrada compra,40
2026-06-16,PA-101,Entrada producción,4
2026-06-16,CP-114,Entrada producción,139
2026-06-16,SP-111,Entrada compra,42
2026-06-16,SP-103,Entrada compra,51
2026-06-16,MP-107,Entrada compra,146
2026-06-16,CP-116,Salida consumo,-47
2026-06-17,CP-104,Salida consumo,-72
2026-06-17,SA-105,Entrada compra,4
2026-06-17,PA-102,Entrada producción,6
2026-06-17,CP-120,Entrada producción,142
2026-06-18,MP-108,Entrada compra,124
2026-06-18,SP-107,Entrada compra,46
2026-06-18,CP-118,Entrada compra,33
2026-06-18,CP-108,Salida consumo,-55
2026-06-18,MP-112,Salida consumo,-470
2026-06-18,MP-101,Entrada compra,149
2026-06-18,CP-105,Salida consumo,-131
2026-06-19,SP-111,Salida consumo,-40
2026-06-19,SP-103,Salida consumo,-48
2026-06-19,MP-107,Salida consumo,-181
2026-06-19,PA-101,Salida despliegue,-5
2026-06-19,CP-112,Salida consumo,-42
2026-06-19,CP-114,Salida consumo,-120
2026-06-20,PA-102,Salida despliegue,-5
2026-06-20,CP-115,Entrada compra,103
2026-06-20,SP-104,Entrada compra,67
2026-06-20,CP-102,Entrada compra,103
2026-06-20,SA-105,Salida consumo,-4
2026-06-20,CP-120,Salida consumo,-114
2026-06-20,CP-113,Entrada compra,105
2026-06-21,CP-117,Entrada compra,88
2026-06-21,CP-111,Entrada producción,120
2026-06-21,SA-109,Entrada compra,19
2026-06-21,SP-107,Salida consumo,-46
2026-06-21,MP-104,Entrada compra,365
2026-06-21,MP-101,Salida consumo,-136
2026-06-21,SP-109,Entrada compra,30
2026-06-21,MP-108,Salida consumo,-105
2026-06-21,CP-118,Salida consumo,-38
2026-06-22,SA-108,Entrada compra,9
2026-06-22,SA-102,Entrada compra,22
2026-06-22,SA-105,Ajuste,-1
2026-06-23,SP-104,Salida consumo,-65
2026-06-23,PA-104,Entrada producción,5
2026-06-23,CP-115,Salida consumo,-87
2026-06-23,SP-106,Entrada compra,39
2026-06-23,PA-100,Entrada producción,9
2026-06-23,CP-102,Salida consumo,-85
2026-06-23,CP-113,Salida consumo,-100
2026-06-24,SP-110,Entrada compra,77
2026-06-24,MP-113,Entrada compra,296
2026-06-24,SP-100,Entrada compra,16
2026-06-24,MP-106,Entrada compra,109
2026-06-24,CP-103,Entrada compra,50
2026-06-24,CP-111,Salida consumo,-114
2026-06-24,MP-103,Entrada compra,337
2026-06-24,SP-109,Salida consumo,-30
2026-06-24,MP-104,Salida consumo,-300
2026-06-24,SA-109,Salida consumo,-20
2026-06-24,CP-117,Salida consumo,-81
2026-06-25,SA-102,Salida consumo,-24
2026-06-25,SA-108,Salida consumo,-8
2026-06-25,SA-101,Entrada producción,23
2026-06-25,MP-100,Entrada producción,391
2026-06-25,CP-113,Ajuste,-1
2026-06-26,CP-111,Ajuste,-1
2026-06-26,PA-100,Salida despliegue,-8
2026-06-26,SP-106,Salida consumo,-32
2026-06-26,PA-104,Salida despliegue,-5
2026-06-27,MP-113,Salida consumo,-285
2026-06-27,MP-106,Salida consumo,-106
2026-06-27,MP-103,Salida consumo,-283
2026-06-27,SP-100,Salida consumo,-14
2026-06-27,SP-110,Salida consumo,-64
2026-06-27,CP-103,Salida consumo,-51
2026-06-28,SA-101,Salida consumo,-21
2026-06-28,MP-100,Salida consumo,-454
2026-07-04,SP-102,Entrada compra,31
2026-07-04,CP-113,Entrada compra,73
2026-07-04,SA-108,Entrada compra,26
2026-07-04,PA-100,Entrada producción,5
2026-07-04,CP-104,Entrada compra,78
2026-07-04,SP-111,Entrada compra,38
2026-07-05,CP-111,Entrada producción,143
2026-07-05,MP-109,Entrada producción,239
2026-07-06,CP-102,Entrada compra,113
2026-07-07,SP-108,Entrada compra,28
2026-07-07,CP-113,Salida consumo,-91
2026-07-07,SP-111,Salida consumo,-35
2026-07-07,SP-102,Salida consumo,-37
2026-07-07,PA-100,Salida despliegue,-5
2026-07-07,SA-107,Entrada compra,18
2026-07-07,CP-120,Entrada producción,122
2026-07-07,SA-108,Salida consumo,-23
2026-07-07,CP-104,Salida consumo,-71
2026-07-08,CP-111,Salida consumo,-141
2026-07-08,MP-111,Entrada producción,635
2026-07-08,SA-103,Entrada compra,22
2026-07-08,MP-109,Salida consumo,-204
2026-07-09,PA-100,Ajuste,-1
2026-07-09,CP-102,Salida consumo,-94
2026-07-09,SP-100,Entrada compra,20
2026-07-09,SP-104,Entrada compra,44
2026-07-10,CP-120,Salida consumo,-101
2026-07-10,MP-113,Entrada compra,321
2026-07-10,SA-107,Salida consumo,-18
2026-07-10,SP-108,Salida consumo,-31
2026-07-11,MP-105,Entrada compra,319
2026-07-11,CP-106,Entrada compra,106
2026-07-11,SA-103,Salida consumo,-28
2026-07-11,CP-103,Entrada compra,44
2026-07-11,MP-111,Salida consumo,-556
2026-07-11,CP-118,Entrada compra,61
2026-07-11,MP-102,Entrada compra,288
2026-07-12,CP-117,Entrada compra,94
2026-07-12,SP-104,Salida consumo,-54
2026-07-12,SP-100,Salida consumo,-25
2026-07-13,CP-101,Entrada compra,39
2026-07-13,MP-113,Salida consumo,-267
2026-07-14,SA-102,Entrada compra,18
2026-07-14,CP-107,Entrada compra,69
2026-07-14,MP-107,Entrada compra,191
2026-07-14,MP-105,Salida consumo,-294
2026-07-14,CP-106,Salida consumo,-102
2026-07-14,SA-109,Entrada compra,20
2026-07-14,CP-103,Salida consumo,-38
2026-07-14,CP-118,Salida consumo,-51
2026-07-14,MP-102,Salida consumo,-251
2026-07-15,MP-108,Entrada compra,126
2026-07-15,CP-114,Entrada producción,146
2026-07-15,SA-100,Entrada compra,10
2026-07-15,CP-117,Salida consumo,-92
2026-07-16,CP-101,Salida consumo,-37
2026-07-16,CP-112,Entrada compra,46
2026-07-16,SA-105,Entrada compra,7
2026-07-16,SP-101,Entrada producción,31
2026-07-16,CP-119,Entrada compra,108
2026-07-17,SP-106,Entrada compra,31
2026-07-17,CP-107,Salida consumo,-73
2026-07-17,SA-110,Entrada compra,25
2026-07-17,MP-101,Entrada compra,136
2026-07-17,MP-107,Salida consumo,-183
2026-07-17,SA-102,Salida consumo,-22
2026-07-17,MP-112,Entrada compra,401
2026-07-17,CP-110,Entrada compra,48
2026-07-17,SA-109,Salida consumo,-19
2026-07-18,MP-108,Salida consumo,-106
2026-07-18,PA-104,Entrada producción,3
2026-07-18,SA-100,Salida consumo,-12
2026-07-18,CP-114,Salida consumo,-142
2026-07-18,SA-101,Entrada producción,16
2026-07-18,SP-103,Entrada compra,44
2026-07-18,SA-104,Entrada compra,33
2026-07-19,CP-119,Salida consumo,-92
2026-07-19,SA-105,Salida consumo,-8
2026-07-19,MP-110,Entrada compra,290
2026-07-19,CP-108,Entrada producción,47
2026-07-19,CP-121,Entrada compra,88
2026-07-19,SP-101,Salida consumo,-27
2026-07-19,CP-112,Salida consumo,-49
2026-07-19,SA-109,Ajuste,-1
2026-07-20,SP-107,Entrada compra,49
2026-07-20,MP-112,Salida consumo,-464
2026-07-20,CP-109,Entrada compra,58
2026-07-20,PA-101,Entrada producción,7
2026-07-20,MP-101,Salida consumo,-155
2026-07-20,MP-100,Entrada producción,500
2026-07-20,CP-115,Entrada compra,72
2026-07-20,CP-110,Salida consumo,-58
2026-07-20,SP-106,Salida consumo,-36
2026-07-20,SA-110,Salida consumo,-31
2026-07-21,SA-111,Entrada compra,14
2026-07-21,SP-105,Entrada compra,30
2026-07-21,PA-104,Salida despliegue,-4
2026-07-21,SA-104,Salida consumo,-30
2026-07-21,PA-103,Salida despliegue,-1
2026-07-21,SA-101,Salida consumo,-18
2026-07-21,SP-103,Salida consumo,-48
2026-07-22,CP-121,Salida consumo,-74
2026-07-22,CP-108,Salida consumo,-56
2026-07-22,MP-110,Salida consumo,-318
2026-07-22,CP-116,Entrada compra,50
2026-07-22,SP-110,Entrada compra,65
2026-07-23,SP-107,Salida consumo,-43
2026-07-23,SA-106,Entrada producción,10
2026-07-23,CP-109,Salida consumo,-49
2026-07-23,PA-101,Salida despliegue,-7
2026-07-23,MP-100,Salida consumo,-424
2026-07-23,CP-115,Salida consumo,-81
2026-07-23,CP-100,Entrada compra,159
2026-07-24,CP-105,Entrada compra,101
2026-07-24,SP-105,Salida consumo,-29
2026-07-24,MP-104,Entrada compra,316
2026-07-24,SA-111,Salida consumo,-15
2026-07-25,CP-116,Salida consumo,-57
2026-07-25,MP-106,Entrada compra,122
2026-07-25,PA-102,Entrada producción,8
2026-07-25,SP-109,Entrada compra,29
2026-07-25,MP-103,Entrada compra,305
2026-07-25,SP-110,Salida consumo,-70
2026-07-26,SA-106,Salida consumo,-12
2026-07-26,CP-100,Salida consumo,-130
2026-07-27,MP-104,Salida consumo,-300
2026-07-27,CP-105,Salida consumo,-125
2026-07-28,MP-103,Salida consumo,-279
2026-07-28,PA-102,Salida despliegue,-9
2026-07-28,MP-106,Salida consumo,-124
2026-07-28,SP-109,Salida consumo,-30
